use wms;

insert into RPS_MODULE (ID, NAME, CODE, DESCRIPTION) values (1, '用户角色权限', 'ums_rps', '使用用户/组角色组成的角色权限');
insert into RPS_MODULE (ID, NAME, CODE, DESCRIPTION) values (2, '模块用户角色权限', 'sys_ums_rps', '使用用户/组、系统模块（后台菜单）、角色组成角色权限');
insert into RPS_MODULE (ID, NAME, CODE, DESCRIPTION) values (3, '站点模块用户角色权限', 'wms_sys_ums_rps', '使用站点、用户/组、系统模块（后台菜单）、角色组成角色权限');
insert into RPS_MODULE (ID, NAME, CODE, DESCRIPTION) values (4, '内容管理用户角色权限', 'cms3_ums_rps', '使用栏目、用户/组、角色组成角色权限');

insert into RPS_RESOURCE (ID, MODULE_ID, NAME, CODE, DESCRIPTION) values (1, 1, '所有资源', '*', '所有资源内容');
insert into RPS_RESOURCE (ID, MODULE_ID, NAME, CODE, DESCRIPTION) values (2, 2, '系统模块', 'sys_module', 'sys_module(基础系统的模块)的资源');
insert into RPS_RESOURCE (ID, MODULE_ID, NAME, CODE, DESCRIPTION) values (3, 3, '站点模块', 'wms_website_sys_module', 'wms_website(站点管理的站点)+sys_module(基础系统的模块)组成的资源');
insert into RPS_RESOURCE (ID, MODULE_ID, NAME, CODE, DESCRIPTION) values (4, 4, '内容栏目', 'cms3_category', 'cms3_category(内容管理的栏目)的资源');

insert into RPS_PERMISSION (ID, MODULE_ID, NAME, CODE, RESOURCE_ID, OPERATION_NAME, OPERATION_CODE, DESCRIPTION) values (1, 1, '所有资源:任意操作', '*:*', 1, '任意操作', '*', '对任意资源进行任意操作(超级管理员)');
insert into RPS_PERMISSION (ID, MODULE_ID, NAME, CODE, RESOURCE_ID, OPERATION_NAME, OPERATION_CODE, DESCRIPTION) values (2, 2, '系统模块:任意操作', 'sys_module:*', 2, '任意操作', '*', '对应模块数据管理功能');
insert into RPS_PERMISSION (ID, MODULE_ID, NAME, CODE, RESOURCE_ID, OPERATION_NAME, OPERATION_CODE, DESCRIPTION) values (3, 3, '站点模块:任意操作', 'wms_website_sys_module:*', 3, '任意操作', '*', '对应站点模块数据管理功能');
insert into RPS_PERMISSION (ID, MODULE_ID, NAME, CODE, RESOURCE_ID, OPERATION_NAME, OPERATION_CODE, DESCRIPTION) values (4, 4, '内容栏目:添加文章', 'cms3_category:create_archive', 4, '添加文章', 'create_archive', '在指定栏目创建文章');
insert into RPS_PERMISSION (ID, MODULE_ID, NAME, CODE, RESOURCE_ID, OPERATION_NAME, OPERATION_CODE, DESCRIPTION) values (5, 4, '内容栏目:审核文章', 'cms3_category:check_archive', 4, '审核文章', 'check_archive', '在指定栏目审核文章');
insert into RPS_PERMISSION (ID, MODULE_ID, NAME, CODE, RESOURCE_ID, OPERATION_NAME, OPERATION_CODE, DESCRIPTION) values (6, 4, '内容栏目:发布文章', 'cms3_category:publish_archive', 4, '发布文章', 'publish_archive', '在指定栏目发布文章');
insert into RPS_PERMISSION (ID, MODULE_ID, NAME, CODE, RESOURCE_ID, OPERATION_NAME, OPERATION_CODE, DESCRIPTION) values (7, 4, '内容栏目:修改文章', 'cms3_category:update_archive', 4, '修改所有文章', 'update_archive', '在指定栏目修改文章');
insert into RPS_PERMISSION (ID, MODULE_ID, NAME, CODE, RESOURCE_ID, OPERATION_NAME, OPERATION_CODE, DESCRIPTION) values (8, 4, '内容栏目:删除文章', 'cms3_category:delete_archive', 4, '删除所有文章', 'delete_archive', '在指定栏目删除文章');
insert into RPS_PERMISSION (ID, MODULE_ID, NAME, CODE, RESOURCE_ID, OPERATION_NAME, OPERATION_CODE, DESCRIPTION) values (9, 4, '内容栏目:查看文章', 'cms3_category:query_archive', 4, '查看所有文章', 'query_archive', '在指定栏目查看文章');
insert into RPS_PERMISSION (ID, MODULE_ID, NAME, CODE, RESOURCE_ID, OPERATION_NAME, OPERATION_CODE, DESCRIPTION) values (10, 4, '内容栏目:查看栏目信息', 'cms3_category:query_category', 4, '查看栏目信息', 'query_category', '查看栏目信息');
insert into RPS_PERMISSION (ID, MODULE_ID, NAME, CODE, RESOURCE_ID, OPERATION_NAME, OPERATION_CODE, DESCRIPTION) values (11, 4, '内容栏目:修改栏目信息', 'cms3_category:update_category', 4, '修改栏目信息', 'update_category', '修改栏目信息');
insert into RPS_PERMISSION (ID, MODULE_ID, NAME, CODE, RESOURCE_ID, OPERATION_NAME, OPERATION_CODE, DESCRIPTION) values (12, 4, '内容栏目:删除栏目信息', 'cms3_category:delete_category', 4, '删除栏目信息', 'delete_category', '删除栏目信息');
insert into RPS_PERMISSION (ID, MODULE_ID, NAME, CODE, RESOURCE_ID, OPERATION_NAME, OPERATION_CODE, DESCRIPTION) values (13, 4, '内容栏目:创建栏目信息', 'cms3_category:create_category', 4, '创建栏目信息', 'create_category', '创建栏目信息');
insert into RPS_PERMISSION (ID, MODULE_ID, NAME, CODE, RESOURCE_ID, OPERATION_NAME, OPERATION_CODE, DESCRIPTION) values (14, 4, '内容栏目:添加产品', 'cms3_category:create_product', 4, '添加产品', 'create_product', '在指定栏目创建产品');
insert into RPS_PERMISSION (ID, MODULE_ID, NAME, CODE, RESOURCE_ID, OPERATION_NAME, OPERATION_CODE, DESCRIPTION) values (15, 4, '内容栏目:审核产品', 'cms3_category:check_product', 4, '审核产品', 'check_product', '在指定栏目审核产品');
insert into RPS_PERMISSION (ID, MODULE_ID, NAME, CODE, RESOURCE_ID, OPERATION_NAME, OPERATION_CODE, DESCRIPTION) values (16, 4, '内容栏目:发布产品', 'cms3_category:publish_product', 4, '发布产品', 'publish_product', '在指定栏目发布产品');
insert into RPS_PERMISSION (ID, MODULE_ID, NAME, CODE, RESOURCE_ID, OPERATION_NAME, OPERATION_CODE, DESCRIPTION) values (17, 4, '内容栏目:修改产品', 'cms3_category:update_product', 4, '修改所有产品', 'update_product', '在指定栏目修改产品');
insert into RPS_PERMISSION (ID, MODULE_ID, NAME, CODE, RESOURCE_ID, OPERATION_NAME, OPERATION_CODE, DESCRIPTION) values (18, 4, '内容栏目:删除产品', 'cms3_category:delete_product', 4, '删除所有产品', 'delete_product', '在指定栏目删除产品');
insert into RPS_PERMISSION (ID, MODULE_ID, NAME, CODE, RESOURCE_ID, OPERATION_NAME, OPERATION_CODE, DESCRIPTION) values (19, 4, '内容栏目:查看产品', 'cms3_category:query_product', 4, '查看所有产品', 'query_product', '在指定栏目查看产品');


insert into RPS_ROLE (ID, MODULE_ID, PARENT_ID, STATUS, NAME, CODE, DESCRIPTION) values (1, 1, NULL, 1, '超级系统管理员', 'admin', '超级系统管理员角色，拥有所有权限');
insert into RPS_ROLE (ID, MODULE_ID, PARENT_ID, STATUS, NAME, CODE, DESCRIPTION) values (2, 2, NULL, 1, '模块操作员', 'module_operator', '模块操作员角色，拥有模块所有权限');
insert into RPS_ROLE (ID, MODULE_ID, PARENT_ID, STATUS, NAME, CODE, DESCRIPTION) values (3, 3, NULL, 1, '站点模块操作员', 'website_module_operator', '站点模块操作员角色，拥有站点模块所有权限');
insert into RPS_ROLE (ID, MODULE_ID, PARENT_ID, STATUS, NAME, CODE, DESCRIPTION) values (4,4,NULL,1,'栏目管理员','category_manager','管理网站栏目信息');
insert into RPS_ROLE (ID, MODULE_ID, PARENT_ID, STATUS, NAME, CODE, DESCRIPTION) values (5,4,NULL,1,'文章管理员','archive_manager','管理网站文章信息');
insert into RPS_ROLE (ID, MODULE_ID, PARENT_ID, STATUS, NAME, CODE, DESCRIPTION) values (6,4,NULL,1,'文章编辑员','archive_editor','网站文章编辑');
insert into RPS_ROLE (ID, MODULE_ID, PARENT_ID, STATUS, NAME, CODE, DESCRIPTION) values (7,4,NULL,1,'文章审查员','archive_checker','网站文章审核');
insert into RPS_ROLE (ID, MODULE_ID, PARENT_ID, STATUS, NAME, CODE, DESCRIPTION) values (8,4,NULL,1,'文章发布员','archive_publisher','网站文章发布');
insert into RPS_ROLE (ID, MODULE_ID, PARENT_ID, STATUS, NAME, CODE, DESCRIPTION) values (9,4,NULL,1,'产品管理员','product_manager','管理网站产品信息');
insert into RPS_ROLE (ID, MODULE_ID, PARENT_ID, STATUS, NAME, CODE, DESCRIPTION) values (10,4,NULL,1,'产品编辑员','product_editor','网站产品编辑');
insert into RPS_ROLE (ID, MODULE_ID, PARENT_ID, STATUS, NAME, CODE, DESCRIPTION) values (11,4,NULL,1,'产品审查员','product_checker','网站产品审核');
insert into RPS_ROLE (ID, MODULE_ID, PARENT_ID, STATUS, NAME, CODE, DESCRIPTION) values (12,4,NULL,1,'产品发布员','product_publisher','网站产品发布');



insert into RPS_ROLE_PERMISSION (ROLE_ID, PERMISSION_ID) values (1, 1);
insert into RPS_ROLE_PERMISSION (ROLE_ID, PERMISSION_ID) values (2, 2);
insert into RPS_ROLE_PERMISSION (ROLE_ID, PERMISSION_ID) values (3, 3);
insert into RPS_ROLE_PERMISSION (ROLE_ID, PERMISSION_ID) values (5,4);
insert into RPS_ROLE_PERMISSION (ROLE_ID, PERMISSION_ID) values (6,4);
insert into RPS_ROLE_PERMISSION (ROLE_ID, PERMISSION_ID) values (5,5);
insert into RPS_ROLE_PERMISSION (ROLE_ID, PERMISSION_ID) values (7,5);
insert into RPS_ROLE_PERMISSION (ROLE_ID, PERMISSION_ID) values (5,6);
insert into RPS_ROLE_PERMISSION (ROLE_ID, PERMISSION_ID) values (8,6);
insert into RPS_ROLE_PERMISSION (ROLE_ID, PERMISSION_ID) values (5,7);
insert into RPS_ROLE_PERMISSION (ROLE_ID, PERMISSION_ID) values (5,8);
insert into RPS_ROLE_PERMISSION (ROLE_ID, PERMISSION_ID) values (5,9);
insert into RPS_ROLE_PERMISSION (ROLE_ID, PERMISSION_ID) values (7,9);
insert into RPS_ROLE_PERMISSION (ROLE_ID, PERMISSION_ID) values (8,9);
insert into RPS_ROLE_PERMISSION (ROLE_ID, PERMISSION_ID) values (4,10);
insert into RPS_ROLE_PERMISSION (ROLE_ID, PERMISSION_ID) values (4,11);
insert into RPS_ROLE_PERMISSION (ROLE_ID, PERMISSION_ID) values (4,12);
insert into RPS_ROLE_PERMISSION (ROLE_ID, PERMISSION_ID) values (4,13);
insert into RPS_ROLE_PERMISSION (ROLE_ID, PERMISSION_ID) values (9, 14);
insert into RPS_ROLE_PERMISSION (ROLE_ID, PERMISSION_ID) values (9, 15);
insert into RPS_ROLE_PERMISSION (ROLE_ID, PERMISSION_ID) values (9, 16);
insert into RPS_ROLE_PERMISSION (ROLE_ID, PERMISSION_ID) values (9, 17);
insert into RPS_ROLE_PERMISSION (ROLE_ID, PERMISSION_ID) values (9, 18);
insert into RPS_ROLE_PERMISSION (ROLE_ID, PERMISSION_ID) values (9, 19);
insert into RPS_ROLE_PERMISSION (ROLE_ID, PERMISSION_ID) values (11, 15);
insert into RPS_ROLE_PERMISSION (ROLE_ID, PERMISSION_ID) values (11, 19);
insert into RPS_ROLE_PERMISSION (ROLE_ID, PERMISSION_ID) values (12, 16);
insert into RPS_ROLE_PERMISSION (ROLE_ID, PERMISSION_ID) values (12, 19);
insert into RPS_ROLE_PERMISSION (ROLE_ID, PERMISSION_ID) values (10, 17);
insert into RPS_ROLE_PERMISSION (ROLE_ID, PERMISSION_ID) values (10, 19);

insert into RPS_SUBJECT (ID, TYPE, PRIMARY_KEY) values (1, 'ums_group', '1');

insert into RPS_SUBJECT_ROLE (ID, SUBJECT_ID, ROLE_ID, RESOURCE_ID, RESOURCE_INSTANCE) values (1, 1, 1, NULL, NULL);

insert into UMS_GROUP (ID, PARENT_ID, STATUS, NAME, DESCRIPTION, CREATE_USER, CREATE_DATE, UPDATE_USER, UPDATE_DATE) values (1, NULL, 1, '超级系统管理员组', '系统所有功能权限的用户组', 'root', now(), 'root', now());

insert into UMS_USER (ID, STATUS, USERNAME, PASSWORD, CREATE_DATE, CREATE_USER, UPDATE_DATE, UPDATE_USER) values (1, 1, 'root', '63a9f0ea7bb98050796b649e85481845', now(), 'root', now(), 'root');

insert into UMS_USER_GROUP (USER_ID, GROUP_ID) values (1, 1);

insert into SYS_DICT_TYPE (ID,NAME,CODE,DESCRIPTION) values (1,'搜索引擎爬行蜘蛛类型','seo_robot_searchagent_type','搜索引擎爬行配置搜索引擎类型');
insert into SYS_DICT_TYPE (ID,NAME,CODE,DESCRIPTION) values (2,'Sitemap管理更新时间类型','seo_sitemap_changeferq_type','Sitemap管理最后更新时间类型');
insert into SYS_DICT_TYPE (ID,NAME,CODE,DESCRIPTION) values (3,'Sitemap管理页面重要性类型','seo_sitemap_priority_type','Sitemap管理页面重要性类型');
insert into SYS_DICT_TYPE (ID,NAME,CODE,DESCRIPTION) values (4,'计划任务类型','sts_scheduledtask_type','计划任务类型');
insert into SYS_DICT_TYPE (ID,NAME,CODE,DESCRIPTION) values (5,'全文检索处理器类型','fts_fullsearch_handler','全文检索处理器类型');
insert into SYS_DICT_TYPE (ID,NAME,CODE,DESCRIPTION) values (6,'RSS生成器类型','rss_channelitem_builder','RSS生成器类型');
insert into SYS_DICT_TYPE (ID,NAME,CODE,DESCRIPTION) values (7,'网站采集数据处理器类型','wcs_collect_dataHandler','网站采集数据处理器类型');
insert into SYS_DICT_TYPE (ID,NAME,CODE,DESCRIPTION) values (8,'地区数据','zone','国家省份城市地区数据');
insert into SYS_DICT_TYPE (ID,NAME,CODE,DESCRIPTION) values (9, '学历数据', 'hrr_degree', '招聘系统学历数据');
insert into SYS_DICT_TYPE (ID,NAME,CODE,DESCRIPTION) values (10, '薪水数据', 'hrr_salary', '招聘系统薪水数据');
insert into SYS_DICT_TYPE (ID,NAME,CODE,DESCRIPTION) values (13, '公司数据', 'hrr_company', '招聘系统公司数据');
insert into SYS_DICT_TYPE (ID,NAME,CODE,DESCRIPTION) values (14, '职能类别', 'hrr_functional', '招聘系统职能类型数据');
insert into SYS_DICT_TYPE (ID,NAME,CODE,DESCRIPTION) values (15, '语言能力', 'hrr_language', '招聘系统语言能力');
insert into SYS_DICT_TYPE (ID,NAME,CODE,DESCRIPTION) values (16, '证据类型', 'hrr_credentials', '招聘系统证据类型');
insert into SYS_DICT_TYPE (ID,NAME,CODE,DESCRIPTION) values (17, '国籍数据', 'hrr_country', '招聘系统国籍数据');
insert into SYS_DICT_TYPE (ID,NAME,CODE,DESCRIPTION) values (18, '政治面貌', 'hrr_political', '招聘系统政治面貌');
insert into SYS_DICT_TYPE (ID,NAME,CODE,DESCRIPTION) values (19, '专业数据', 'hrr_specialty', '招聘系统专业数据'); 
insert into SYS_DICT_TYPE (ID,NAME,CODE,DESCRIPTION) values (20, '简历类型', 'hrr_resumetype', '招聘系统简历类型数据');
insert into SYS_DICT_TYPE (ID,NAME,CODE,DESCRIPTION) values (21, '网上留言类型', 'wbs_message_type', '网站基础功能网上留言');

insert into SYS_DICT_ITEM(ID,DICT_TYPE_ID,PARENT_ID,STATUS,NAME,VALUE,DESCRIPTION,ORDER_NUM) values (1,1,NULL,1,'google蜘蛛','Googlebot',NULL,0);
insert into SYS_DICT_ITEM(ID,DICT_TYPE_ID,PARENT_ID,STATUS,NAME,VALUE,DESCRIPTION,ORDER_NUM) values (2,1,NULL,1,'百度蜘蛛','Baiduspider',NULL,0);
insert into SYS_DICT_ITEM(ID,DICT_TYPE_ID,PARENT_ID,STATUS,NAME,VALUE,DESCRIPTION,ORDER_NUM) values (3,1,NULL,1,'yahoo蜘蛛','Yahoo!slurp',NULL,0);
insert into SYS_DICT_ITEM(ID,DICT_TYPE_ID,PARENT_ID,STATUS,NAME,VALUE,DESCRIPTION,ORDER_NUM) values (4,1,NULL,1,'alexa蜘蛛','ia_archiver',NULL,0);
insert into SYS_DICT_ITEM(ID,DICT_TYPE_ID,PARENT_ID,STATUS,NAME,VALUE,DESCRIPTION,ORDER_NUM) values (5,1,NULL,1,'bing蜘蛛','MSNbot',NULL,0);
insert into SYS_DICT_ITEM(ID,DICT_TYPE_ID,PARENT_ID,STATUS,NAME,VALUE,DESCRIPTION,ORDER_NUM) values (6,1,NULL,1,'altavista蜘蛛','scooter',NULL,0);
insert into SYS_DICT_ITEM(ID,DICT_TYPE_ID,PARENT_ID,STATUS,NAME,VALUE,DESCRIPTION,ORDER_NUM) values (7,1,NULL,1,'lycos蜘蛛','lycos_spider_(t-rex)',NULL,0);
insert into SYS_DICT_ITEM(ID,DICT_TYPE_ID,PARENT_ID,STATUS,NAME,VALUE,DESCRIPTION,ORDER_NUM) values (8,1,NULL,1,'alltheweb蜘蛛','fast-webcrawler',NULL,0);
insert into SYS_DICT_ITEM(ID,DICT_TYPE_ID,PARENT_ID,STATUS,NAME,VALUE,DESCRIPTION,ORDER_NUM) values (9,1,NULL,1,'inktomi蜘蛛','slurp',NULL,0);
insert into SYS_DICT_ITEM(ID,DICT_TYPE_ID,PARENT_ID,STATUS,NAME,VALUE,DESCRIPTION,ORDER_NUM) values (10,1,NULL,1,'Soso蜘蛛','Sosospider',NULL,0);
insert into SYS_DICT_ITEM(ID,DICT_TYPE_ID,PARENT_ID,STATUS,NAME,VALUE,DESCRIPTION,ORDER_NUM) values (11,1,NULL,1,'Google Adsense蜘蛛','Mediapartners-Google',NULL,0);
insert into SYS_DICT_ITEM(ID,DICT_TYPE_ID,PARENT_ID,STATUS,NAME,VALUE,DESCRIPTION,ORDER_NUM) values (12,1,NULL,1,'有道蜘蛛','YodaoBot',NULL,0);
insert into SYS_DICT_ITEM(ID,DICT_TYPE_ID,PARENT_ID,STATUS,NAME,VALUE,DESCRIPTION,ORDER_NUM) values (13,2,NULL,1,'经常','always',NULL,0);
insert into SYS_DICT_ITEM(ID,DICT_TYPE_ID,PARENT_ID,STATUS,NAME,VALUE,DESCRIPTION,ORDER_NUM) values (14,2,NULL,1,'每小时','hourly',NULL,0);
insert into SYS_DICT_ITEM(ID,DICT_TYPE_ID,PARENT_ID,STATUS,NAME,VALUE,DESCRIPTION,ORDER_NUM) values (15,2,NULL,1,'每天','daily',NULL,0);
insert into SYS_DICT_ITEM(ID,DICT_TYPE_ID,PARENT_ID,STATUS,NAME,VALUE,DESCRIPTION,ORDER_NUM) values (16,2,NULL,1,'每周','weekly',NULL,0);
insert into SYS_DICT_ITEM(ID,DICT_TYPE_ID,PARENT_ID,STATUS,NAME,VALUE,DESCRIPTION,ORDER_NUM) values (17,2,NULL,1,'每月','monthly',NULL,0);
insert into SYS_DICT_ITEM(ID,DICT_TYPE_ID,PARENT_ID,STATUS,NAME,VALUE,DESCRIPTION,ORDER_NUM) values (18,2,NULL,1,'每年','yearly',NULL,0);
insert into SYS_DICT_ITEM(ID,DICT_TYPE_ID,PARENT_ID,STATUS,NAME,VALUE,DESCRIPTION,ORDER_NUM) values (19,3,NULL,1,'0.0','0.0',NULL,0);
insert into SYS_DICT_ITEM(ID,DICT_TYPE_ID,PARENT_ID,STATUS,NAME,VALUE,DESCRIPTION,ORDER_NUM) values (20,3,NULL,1,'0.1','0.1',NULL,0);
insert into SYS_DICT_ITEM(ID,DICT_TYPE_ID,PARENT_ID,STATUS,NAME,VALUE,DESCRIPTION,ORDER_NUM) values (21,3,NULL,1,'0.2','0.2',NULL,0);
insert into SYS_DICT_ITEM(ID,DICT_TYPE_ID,PARENT_ID,STATUS,NAME,VALUE,DESCRIPTION,ORDER_NUM) values (22,3,NULL,1,'0.3','0.3',NULL,0);
insert into SYS_DICT_ITEM(ID,DICT_TYPE_ID,PARENT_ID,STATUS,NAME,VALUE,DESCRIPTION,ORDER_NUM) values (23,3,NULL,1,'0.4','0.4',NULL,0);
insert into SYS_DICT_ITEM(ID,DICT_TYPE_ID,PARENT_ID,STATUS,NAME,VALUE,DESCRIPTION,ORDER_NUM) values (24,3,NULL,1,'0.5','0.5',NULL,0);
insert into SYS_DICT_ITEM(ID,DICT_TYPE_ID,PARENT_ID,STATUS,NAME,VALUE,DESCRIPTION,ORDER_NUM) values (25,3,NULL,1,'0.6','0.6',NULL,0);
insert into SYS_DICT_ITEM(ID,DICT_TYPE_ID,PARENT_ID,STATUS,NAME,VALUE,DESCRIPTION,ORDER_NUM) values (26,3,NULL,1,'0.7','0.7',NULL,0);
insert into SYS_DICT_ITEM(ID,DICT_TYPE_ID,PARENT_ID,STATUS,NAME,VALUE,DESCRIPTION,ORDER_NUM) values (27,3,NULL,1,'0.8','0.8',NULL,0);
insert into SYS_DICT_ITEM(ID,DICT_TYPE_ID,PARENT_ID,STATUS,NAME,VALUE,DESCRIPTION,ORDER_NUM) values (28,3,NULL,1,'0.9','0.9',NULL,0);
insert into SYS_DICT_ITEM(ID,DICT_TYPE_ID,PARENT_ID,STATUS,NAME,VALUE,DESCRIPTION,ORDER_NUM) values (29,3,NULL,1,'1.0','1.0',NULL,0);
insert into SYS_DICT_ITEM(ID,DICT_TYPE_ID,PARENT_ID,STATUS,NAME,VALUE,DESCRIPTION,ORDER_NUM) values (30,4,NULL,1,'RSS生成','com.pmparkchina.product.rss.sts.RssScheduledTaskHandler',NULL,0);
insert into SYS_DICT_ITEM(ID,DICT_TYPE_ID,PARENT_ID,STATUS,NAME,VALUE,DESCRIPTION,ORDER_NUM) values (31,4,NULL,1,'文章发布','com.pmparkchina.product.cms3.sts.ArchiveUpdateScheduledTaskHandler',NULL,0);
insert into SYS_DICT_ITEM(ID,DICT_TYPE_ID,PARENT_ID,STATUS,NAME,VALUE,DESCRIPTION,ORDER_NUM) values (32,4,NULL,1,'WEB采集','com.pmparkchina.product.wcs.sts.CollectScheduledTaskHandler',NULL,0);
insert into SYS_DICT_ITEM(ID,DICT_TYPE_ID,PARENT_ID,STATUS,NAME,VALUE,DESCRIPTION,ORDER_NUM) values (33,4,NULL,1,'文件分发','com.pmparkchina.product.fms.sts.FileAssignScheduledTaskHandler',NULL,0);
insert into SYS_DICT_ITEM(ID,DICT_TYPE_ID,PARENT_ID,STATUS,NAME,VALUE,DESCRIPTION,ORDER_NUM) values (34,4,NULL,1,'全文检索索引','com.pmparkchina.product.fts.sts.FullSearchScheduledTaskHandler',NULL,0);
insert into SYS_DICT_ITEM(ID,DICT_TYPE_ID,PARENT_ID,STATUS,NAME,VALUE,DESCRIPTION,ORDER_NUM) values (35,4,NULL,1,'全文索引重建','com.pmparkchina.product.fts.sts.RebuildIndexScheduledTaskHandler',NULL,0);
insert into SYS_DICT_ITEM(ID,DICT_TYPE_ID,PARENT_ID,STATUS,NAME,VALUE,DESCRIPTION,ORDER_NUM) values (36,4,NULL,1,'业务日志清理','com.pmparkchina.product.sys.sts.OperationLogClearScheduledTaskHandler',NULL,0);
insert into SYS_DICT_ITEM(ID,DICT_TYPE_ID,PARENT_ID,STATUS,NAME,VALUE,DESCRIPTION,ORDER_NUM) values (37,4,NULL,1,'站点首页发布','com.pmparkchina.product.wms.sts.WebsiteIndexPublishScheduledTaskHandler',NULL,0);
insert into SYS_DICT_ITEM(ID,DICT_TYPE_ID,PARENT_ID,STATUS,NAME,VALUE,DESCRIPTION,ORDER_NUM) values (38,5,NULL,1,'文章索引','com.pmparkchina.product.cms3.fts.ArchiveFtsHandler',NULL,0);
insert into SYS_DICT_ITEM(ID,DICT_TYPE_ID,PARENT_ID,STATUS,NAME,VALUE,DESCRIPTION,ORDER_NUM) values (39,5,NULL,1,'文件索引','com.pmparkchina.product.fms.fts.FileFtsHandler',NULL,0);
insert into SYS_DICT_ITEM(ID,DICT_TYPE_ID,PARENT_ID,STATUS,NAME,VALUE,DESCRIPTION,ORDER_NUM) values (40,6,NULL,1,'CMS文章RSS创建器','com.pmparkchina.product.cms3.rss.ArchiveRssBuilder',NULL,0);
insert into SYS_DICT_ITEM(ID,DICT_TYPE_ID,PARENT_ID,STATUS,NAME,VALUE,DESCRIPTION,ORDER_NUM) values (41,7,NULL,1,'CMS文章信息处理器','com.pmparkchina.product.cms3.wcs.ArchiveDataHandler',NULL,0);
insert into SYS_DICT_ITEM(ID,DICT_TYPE_ID,PARENT_ID,STATUS,NAME,VALUE,DESCRIPTION,ORDER_NUM) values (42,4,null,1,'问卷状态变更','com.pmparkchina.product.pms.scheduling.UpdatePaperStatusScheduledTaskHandler',NULL,0);


insert into SYS_MODULE(ID,PARENT_ID,STATUS,NAME,CODE,ICON,URL,TARGET,ORDER_NUM) values (1,NULL,1,'网站管理','wms',NULL,'main-body?moduleCode=wms','bodyIframe',0);
insert into SYS_MODULE(ID,PARENT_ID,STATUS,NAME,CODE,ICON,URL,TARGET,ORDER_NUM) values (2,1,1,'自定义表单管理','cfs_custom_form',NULL,'cfs/customForm','contentIframe',0);
insert into SYS_MODULE(ID,PARENT_ID,STATUS,NAME,CODE,ICON,URL,TARGET,ORDER_NUM) values (3,1,1,'RSS管理','rss',NULL,'rss/rss','contentIframe',0);
insert into SYS_MODULE(ID,PARENT_ID,STATUS,NAME,CODE,ICON,URL,TARGET,ORDER_NUM) values (4,1,1,'文件管理','fms_file',NULL,'fms/file','contentIframe',0);
insert into SYS_MODULE(ID,PARENT_ID,STATUS,NAME,CODE,ICON,URL,TARGET,ORDER_NUM) values (5,1,1,'模板管理','tms_template_suite',NULL,'tms/templateSuite','contentIframe',0);
insert into SYS_MODULE(ID,PARENT_ID,STATUS,NAME,CODE,ICON,URL,TARGET,ORDER_NUM) values (6,1,1,'全文检索管理','fts_full_search',NULL,'fts/fullSearch','contentIframe',0);
insert into SYS_MODULE(ID,PARENT_ID,STATUS,NAME,CODE,ICON,URL,TARGET,ORDER_NUM) values (7,1,1,'搜索引擎优化','seo',NULL,NULL,'_self',0);
insert into SYS_MODULE(ID,PARENT_ID,STATUS,NAME,CODE,ICON,URL,TARGET,ORDER_NUM) values (8,7,1,'词汇管理','seo_word',NULL,'seo/word','contentIframe',0);
insert into SYS_MODULE(ID,PARENT_ID,STATUS,NAME,CODE,ICON,URL,TARGET,ORDER_NUM) values (9,7,1,'SiteMap管理','seo_sitemap',NULL,'seo/sitemap','contentIframe',0);
insert into SYS_MODULE(ID,PARENT_ID,STATUS,NAME,CODE,ICON,URL,TARGET,ORDER_NUM) values (10,7,1,'搜索引擎爬行设置','seo_robot',NULL,'seo/robot','contentIframe',0);
insert into SYS_MODULE(ID,PARENT_ID,STATUS,NAME,CODE,ICON,URL,TARGET,ORDER_NUM) values (11,1,1,'计划任务管理','sts_scheduled_task',NULL,'sts/scheduledTask','contentIframe',0);
insert into SYS_MODULE(ID,PARENT_ID,STATUS,NAME,CODE,ICON,URL,TARGET,ORDER_NUM) values (12,NULL,1,'内容管理','cms3',NULL,'main-body?moduleCode=cms3','bodyIframe',0);
insert into SYS_MODULE(ID,PARENT_ID,STATUS,NAME,CODE,ICON,URL,TARGET,ORDER_NUM) values (13,12,1,'栏目管理','cms3_category',NULL,'cms3/category','contentIframe',0);
insert into SYS_MODULE(ID,PARENT_ID,STATUS,NAME,CODE,ICON,URL,TARGET,ORDER_NUM) values (14,12,1,'文章管理','cms3_archive',NULL,'cms3/archive','contentIframe',0);
insert into SYS_MODULE(ID,PARENT_ID,STATUS,NAME,CODE,ICON,URL,TARGET,ORDER_NUM) values (15,12,1,'回收站','cms3_archive_recycle',NULL,'cms3/archiveRecycle','contentIframe',0);
insert into SYS_MODULE(ID,PARENT_ID,STATUS,NAME,CODE,ICON,URL,TARGET,ORDER_NUM) values (16,12,1,'草稿箱','cms3_archive_draft',NULL,'cms3/archiveDraft','contentIframe',0);
insert into SYS_MODULE(ID,PARENT_ID,STATUS,NAME,CODE,ICON,URL,TARGET,ORDER_NUM) values (17,12,1,'文章审核','cms3_archive_check',NULL,'cms3/archiveCheck','contentIframe',0);
insert into SYS_MODULE(ID,PARENT_ID,STATUS,NAME,CODE,ICON,URL,TARGET,ORDER_NUM) values (18,12,1,'文章评论管理','cms3_archive_comment',NULL,'cms3/archiveComment','contentIframe',0);
insert into SYS_MODULE(ID,PARENT_ID,STATUS,NAME,CODE,ICON,URL,TARGET,ORDER_NUM) values (19,12,1,'文章自定义字段','cms3_archive_custom_field',NULL,'cms3/archiveCustomField','contentIframe',0);
insert into SYS_MODULE(ID,PARENT_ID,STATUS,NAME,CODE,ICON,URL,TARGET,ORDER_NUM) values (20,NULL,1,'网站统计','data',NULL,'main-body?moduleCode=data','bodyIframe',0);
insert into SYS_MODULE(ID,PARENT_ID,STATUS,NAME,CODE,ICON,URL,TARGET,ORDER_NUM) values (21,20,1,'发布统计','data_publish_statistics',NULL,NULL,'_self',0);
insert into SYS_MODULE(ID,PARENT_ID,STATUS,NAME,CODE,ICON,URL,TARGET,ORDER_NUM) values (22,21,1,'栏目发布统计','sas_category_publish_statistics',NULL,'sas/categoryPublishStatistics','contentIframe',0);
insert into SYS_MODULE(ID,PARENT_ID,STATUS,NAME,CODE,ICON,URL,TARGET,ORDER_NUM) values (23,21,1,'用户发布统计','sas_user_publish_statistics',NULL,'sas/userPublishStatistics','contentIframe',0);
insert into SYS_MODULE(ID,PARENT_ID,STATUS,NAME,CODE,ICON,URL,TARGET,ORDER_NUM) values (24,20,1,'访问统计','data_visit_statistics',NULL,NULL,'_self',0);
insert into SYS_MODULE(ID,PARENT_ID,STATUS,NAME,CODE,ICON,URL,TARGET,ORDER_NUM) values (25,24,1,'栏目访问统计','sas_category_visit_statistics',NULL,'sas/categoryVisitStatistics','contentIframe',0);
insert into SYS_MODULE(ID,PARENT_ID,STATUS,NAME,CODE,ICON,URL,TARGET,ORDER_NUM) values (26,24,1,'文章访问统计','sas_archive_visit_statistics',NULL,'sas/archiveVisitStatistics','contentIframe',0);
insert into SYS_MODULE(ID,PARENT_ID,STATUS,NAME,CODE,ICON,URL,TARGET,ORDER_NUM) values (27,NULL,1,'媒体库','media',NULL,'main-body?moduleCode=media','bodyIframe',0);
insert into SYS_MODULE(ID,PARENT_ID,STATUS,NAME,CODE,ICON,URL,TARGET,ORDER_NUM) values (28,27,1,'图片管理','cms3_album',NULL,'cms3/album','contentIframe',0);
insert into SYS_MODULE(ID,PARENT_ID,STATUS,NAME,CODE,ICON,URL,TARGET,ORDER_NUM) values (29,NULL,1,'数据采集','data_collect',NULL,'main-body?moduleCode=data_collect','bodyIframe',0);
insert into SYS_MODULE(ID,PARENT_ID,STATUS,NAME,CODE,ICON,URL,TARGET,ORDER_NUM) values (30,29,1,'站外数据采集','wcs_collect',NULL,'wcs/collect','contentIframe',0);
insert into SYS_MODULE(ID,PARENT_ID,STATUS,NAME,CODE,ICON,URL,TARGET,ORDER_NUM) values (31,29,1,'站群数据采集','cms3_data_collect',NULL,'cms3/dataCollect','contentIframe',0);
insert into SYS_MODULE(ID,PARENT_ID,STATUS,NAME,CODE,ICON,URL,TARGET,ORDER_NUM) values (32,29,1,'文件分发','fms_file_assign',NULL,'fms/fileAssign','contentIframe',0);
insert into SYS_MODULE(ID,PARENT_ID,STATUS,NAME,CODE,ICON,URL,TARGET,ORDER_NUM) values (33,NULL,1,'系统管理','sys',NULL,'main-body?moduleCode=sys','bodyIframe',0);
insert into SYS_MODULE(ID,PARENT_ID,STATUS,NAME,CODE,ICON,URL,TARGET,ORDER_NUM) values (34,33,1,'站点管理','wms_website',NULL,'website','contentIframe',0);
insert into SYS_MODULE(ID,PARENT_ID,STATUS,NAME,CODE,ICON,URL,TARGET,ORDER_NUM) values (35,33,1,'字典管理','sys_dict',NULL,'sys/dictType','contentIframe',0);
insert into SYS_MODULE(ID,PARENT_ID,STATUS,NAME,CODE,ICON,URL,TARGET,ORDER_NUM) values (36,33,1,'配置项管理','sys_config',NULL,'sys/config','contentIframe',0);
insert into SYS_MODULE(ID,PARENT_ID,STATUS,NAME,CODE,ICON,URL,TARGET,ORDER_NUM) values (37,33,1,'模块管理','sys_module',NULL,'sys/module','contentIframe',0);
insert into SYS_MODULE(ID,PARENT_ID,STATUS,NAME,CODE,ICON,URL,TARGET,ORDER_NUM) values (38,33,1,'操作日志管理','sys_operation_log',NULL,'sys/operationLog','contentIframe',0);
insert into SYS_MODULE(ID,PARENT_ID,STATUS,NAME,CODE,ICON,URL,TARGET,ORDER_NUM) values (39,33,1,'角色权限管理','rps',NULL,NULL,'_self',0);
insert into SYS_MODULE(ID,PARENT_ID,STATUS,NAME,CODE,ICON,URL,TARGET,ORDER_NUM) values (40,39,1,'模块管理','rps_module',NULL,'rps/module','contentIframe',0);
insert into SYS_MODULE(ID,PARENT_ID,STATUS,NAME,CODE,ICON,URL,TARGET,ORDER_NUM) values (41,39,1,'资源管理','rps_resource',NULL,'rps/resource','contentIframe',0);
insert into SYS_MODULE(ID,PARENT_ID,STATUS,NAME,CODE,ICON,URL,TARGET,ORDER_NUM) values (42,39,1,'权限管理','rps_permission',NULL,'rps/permission','contentIframe',0);
insert into SYS_MODULE(ID,PARENT_ID,STATUS,NAME,CODE,ICON,URL,TARGET,ORDER_NUM) values (43,39,1,'角色管理','rps_role',NULL,'rps/role','contentIframe',0);
insert into SYS_MODULE(ID,PARENT_ID,STATUS,NAME,CODE,ICON,URL,TARGET,ORDER_NUM) values (44,33,1,'用户/组管理','ums',NULL,NULL,'_self',0);
insert into SYS_MODULE(ID,PARENT_ID,STATUS,NAME,CODE,ICON,URL,TARGET,ORDER_NUM) values (45,44,1,'用户管理','ums_user',NULL,'ums/user','contentIframe',0);
insert into SYS_MODULE(ID,PARENT_ID,STATUS,NAME,CODE,ICON,URL,TARGET,ORDER_NUM) values (46,44,1,'组管理','ums_group',NULL,'ums/group','contentIframe',0);
insert into SYS_MODULE(ID,PARENT_ID,STATUS,NAME,CODE,ICON,URL,TARGET,ORDER_NUM) values (47,33,1,'用户/组模块角色管理','umssysrps',NULL,NULL,'_self',0);
insert into SYS_MODULE(ID,PARENT_ID,STATUS,NAME,CODE,ICON,URL,TARGET,ORDER_NUM) values (48,47,1,'用户模块角色管理','sys_user_module_role',NULL,'sys/userModuleRole','contentIframe',0);
insert into SYS_MODULE(ID,PARENT_ID,STATUS,NAME,CODE,ICON,URL,TARGET,ORDER_NUM) values (49,47,1,'组模块角色管理','sys_group_module_role',NULL,'sys/groupModuleRole','contentIframe',0);
insert into SYS_MODULE(ID,PARENT_ID,STATUS,NAME,CODE,ICON,URL,TARGET,ORDER_NUM) values (50,33,1,'用户/组站点模块角色管理','umswmssysrps',NULL,NULL,'_self',0);
insert into SYS_MODULE(ID,PARENT_ID,STATUS,NAME,CODE,ICON,URL,TARGET,ORDER_NUM) values (51,50,1,'用户站点模块角色','wms_website_user_module_role',NULL,'./websiteUserModuleRole','contentIframe',0);
insert into SYS_MODULE(ID,PARENT_ID,STATUS,NAME,CODE,ICON,URL,TARGET,ORDER_NUM) values (52,50,1,'组站点模块角色','wms_website_group_module_role',NULL,'./websiteGroupModuleRole','contentIframe',0);
insert into SYS_MODULE(ID,PARENT_ID,STATUS,NAME,CODE,ICON,URL,TARGET,ORDER_NUM) values (53,33,1,'用户/组栏目角色管理','umswmssysrps_cms',NULL,NULL,'_self',0);
insert into SYS_MODULE(ID,PARENT_ID,STATUS,NAME,CODE,ICON,URL,TARGET,ORDER_NUM) values (54,53,1,'组栏目角色管理','cms3_group_category_role',NULL,'cms3/groupCategoryRole','contentIframe',0);
insert into SYS_MODULE(ID,PARENT_ID,STATUS,NAME,CODE,ICON,URL,TARGET,ORDER_NUM) values (55,53,1,'用户栏目角色管理','cms3_user_category_role',NULL,'cms3/userCategoryRole','contentIframe',0);
insert into SYS_MODULE(ID,PARENT_ID,STATUS,NAME,CODE,ICON,URL,TARGET,ORDER_NUM) values (56,33,1,'用户/组角色管理','ums_rps',NULL,NULL,'_self',0);
insert into SYS_MODULE(ID,PARENT_ID,STATUS,NAME,CODE,ICON,URL,TARGET,ORDER_NUM) values (57,56,1,'用户角色管理','ums_user_role',NULL,'ums/userRole','contentIframe',0);
insert into SYS_MODULE(ID,PARENT_ID,STATUS,NAME,CODE,ICON,URL,TARGET,ORDER_NUM) values (58,56,1,'组角色管理','ums_group_role',NULL,'ums/groupRole','contentIframe',0);
insert into SYS_MODULE(ID,PARENT_ID,STATUS,NAME,CODE,ICON,URL,TARGET,ORDER_NUM) values (59,NULL,1,'招聘模块','hrr',NULL,'main-body?moduleCode=hrr','bodyIframe',0);
insert into SYS_MODULE(ID,PARENT_ID,STATUS,NAME,CODE,ICON,URL,TARGET,ORDER_NUM) values (60,59,1,'人才库管理','hrr_library',NULL,'/wms/hrr/library','contentIframe',0);
insert into SYS_MODULE(ID,PARENT_ID,STATUS,NAME,CODE,ICON,URL,TARGET,ORDER_NUM) values (61,59,1,'人才简历管理','hrr_resume',NULL,'/wms/hrr/library/resume','contentIframe',0);
insert into SYS_MODULE(ID,PARENT_ID,STATUS,NAME,CODE,ICON,URL,TARGET,ORDER_NUM) values (62,59,1,'用户管理','hrr_candidate',NULL,'/wms/hrr/candidate','contentIframe',0);
insert into SYS_MODULE(ID,PARENT_ID,STATUS,NAME,CODE,ICON,URL,TARGET,ORDER_NUM) values (63,59,1,'招聘信息管理','hrr_recruit',NULL,'/wms/hrr/recruit','contentIframe',0);
insert into SYS_MODULE(ID,PARENT_ID,STATUS,NAME,CODE,ICON,URL,TARGET,ORDER_NUM) values (64,59,1,'应聘信息管理','hrr_apply',NULL,'/wms/hrr/recruit/apply','contentIframe',0);
insert into SYS_MODULE(ID,PARENT_ID,STATUS,NAME,CODE,ICON,URL,TARGET,ORDER_NUM) values (65,null,1,'问卷模块','pms',NULL,'main-body?moduleCode=pms','bodyIframe',0);
insert into SYS_MODULE(ID,PARENT_ID,STATUS,NAME,CODE,ICON,URL,TARGET,ORDER_NUM) values (66,65,1,'题库分类管理','pms_library',NULL,'/wms/pms/questionCategory','contentIframe',0);
insert into SYS_MODULE(ID,PARENT_ID,STATUS,NAME,CODE,ICON,URL,TARGET,ORDER_NUM) values (67,65,1,'题目管理','pms_question',NULL,'/wms/pms/question','contentIframe',0);
insert into SYS_MODULE(ID,PARENT_ID,STATUS,NAME,CODE,ICON,URL,TARGET,ORDER_NUM) values (68,65,1,'问卷分类管理','pms_category',NULL,'/wms/pms/paperCategory','contentIframe',0);
insert into SYS_MODULE(ID,PARENT_ID,STATUS,NAME,CODE,ICON,URL,TARGET,ORDER_NUM) values (69,65,1,'问卷管理','pms_paper',NULL,'/wms/pms/paper','contentIframe',0);
insert into SYS_MODULE(ID,PARENT_ID,STATUS,NAME,CODE,ICON,URL,TARGET,ORDER_NUM) values (70,65,1,'答卷管理','pms_answer',NULL,'/wms/pms/answer','contentIframe',0);
insert into SYS_MODULE(ID,PARENT_ID,STATUS,NAME,CODE,ICON,URL,TARGET,ORDER_NUM) values (71,65,1,'数据统计','pms_data_sas',NULL,NULL,'_self',0);
insert into SYS_MODULE(ID,PARENT_ID,STATUS,NAME,CODE,ICON,URL,TARGET,ORDER_NUM) values (72,71,1,'问卷选项情况统计','pma_paper_option_sas',NULL,'/wms/pms/sas/paperOption','contentIframe',0);
insert into SYS_MODULE(ID,PARENT_ID,STATUS,NAME,CODE,ICON,URL,TARGET,ORDER_NUM) values (73,12,1,'产品管理','cms3_product',NULL,'cms3/product','contentIframe',0);
insert into SYS_MODULE(ID,PARENT_ID,STATUS,NAME,CODE,ICON,URL,TARGET,ORDER_NUM) values (74, NULL, 1, '网站基础', 'wms_base', NULL, 'main-body?moduleCode=wms_base', 'bodyIframe', 0);
insert into SYS_MODULE(ID,PARENT_ID,STATUS,NAME,CODE,ICON,URL,TARGET,ORDER_NUM) values (75, 74, 1, '网上留言', 'wbs_message', NULL, '/wms/wbs/guestBook', 'contentIframe', 0);
insert into SYS_MODULE(ID,PARENT_ID,STATUS,NAME,CODE,ICON,URL,TARGET,ORDER_NUM) values (76, 74, 1, '地区管理', 'sys_zone', NULL, '/wms/sys/zone', 'contentIframe', 0);
insert into SYS_MODULE(ID,PARENT_ID,STATUS,NAME,CODE,ICON,URL,TARGET,ORDER_NUM) values (77, NULL, 1, '积分管理', 'ims_manage', NULL, 'main-body?moduleCode=ims_manage', 'bodyIframe', 0);
insert into SYS_MODULE(ID,PARENT_ID,STATUS,NAME,CODE,ICON,URL,TARGET,ORDER_NUM) values (78, 77, 1, '积分项管理', 'ims_integral', NULL, '/wms/ims/integral', 'contentIframe', 0);
insert into SYS_MODULE(ID,PARENT_ID,STATUS,NAME,CODE,ICON,URL,TARGET,ORDER_NUM) values (79, 77, 1, '积分明细管理', 'ims_integraldetail', NULL, '/wms/ims/integralDetail', 'contentIframe', 0);
insert into SYS_MODULE(ID,PARENT_ID,STATUS,NAME,CODE,ICON,URL,TARGET,ORDER_NUM) values (80, 77, 1, '用户积分管理', 'ims_user', NULL, '/wms/ims/user', 'contentIframe', 0);


insert into WMS_WEBSITE (ID, NAME, CODE, INDEX_TEMPLATE, STATIC_INDEX_NAME, URL, KEYWORD, DESCRIPTION, CREATE_USER, CREATE_DATE, UPDATE_USER, UPDATE_DATE) values (1, '主站点', 'main', NULL, NULL, 'http://localhost', NULL, NULL, 'root', now(), 'root', now());

insert into STS_SCHEDULED_TASK (ID, WEBSITE_ID, STATUS, NAME, FIXED_DATE_TIME, CRON_EXPRESSION, PERIOD, PERIOD_TYPE, DESCRIPTION, LAST_DATETIME) values (1,1,1,'文章定时发布定时器',NULL,NULL,1,5,NULL,now());
insert into STS_SCHEDULED_TASK (ID, WEBSITE_ID, STATUS, NAME, FIXED_DATE_TIME, CRON_EXPRESSION, PERIOD, PERIOD_TYPE, DESCRIPTION, LAST_DATETIME) values (2,1,1,'业务日志清理定时器',NULL,'0 0 2 * * ? *',NULL,NULL,NULL,now());
insert into STS_SCHEDULED_TASK (ID, WEBSITE_ID, STATUS, NAME, FIXED_DATE_TIME, CRON_EXPRESSION, PERIOD, PERIOD_TYPE, DESCRIPTION, LAST_DATETIME) values (3,1,1,'问卷状态更新定时器',NULL,'0 0 0 * * ? *',NULL,NULL,NULL,now());

insert into STS_TASK_HANDLER (ID, SCHEDULED_TASK_ID, HANDLER_CLASS) values (1,1,'com.pmparkchina.product.cms3.sts.ArchiveUpdateScheduledTaskHandler');
insert into STS_TASK_HANDLER (ID, SCHEDULED_TASK_ID, HANDLER_CLASS) values (2,2,'com.pmparkchina.product.sys.sts.OperationLogClearScheduledTaskHandler');
insert into STS_TASK_HANDLER (ID, SCHEDULED_TASK_ID, HANDLER_CLASS) values (3,3,'com.pmparkchina.product.pms.scheduling.UpdatePaperStatusScheduledTaskHandler');

insert into STS_HANDLER_PARAMETER (ID, HANDLER_ID, NAME, `VALUE`) values (1,2,'clearTypes','day,count');
insert into STS_HANDLER_PARAMETER (ID, HANDLER_ID, NAME, `VALUE`) values (2,2,'maxDay','365');
insert into STS_HANDLER_PARAMETER (ID, HANDLER_ID, NAME, `VALUE`) values (3,2,'maxCount','1000000');

insert into SYS_ZONE (ID, PARENT_ID, STATUS, NAME, VALUE, ORDER_NUM, DESCRIPTION) values ('1', NULL, '1', '中国', 'China', '0', NULL);
insert into SYS_ZONE (ID, PARENT_ID, STATUS, NAME, VALUE, ORDER_NUM, DESCRIPTION) values ('2', '1', '1', '直辖市', '直辖市', '0', NULL);
insert into SYS_ZONE (ID, PARENT_ID, STATUS, NAME, VALUE, ORDER_NUM, DESCRIPTION) values ('3', '2', '1', '北京', '北京', '0', NULL);
insert into SYS_ZONE (ID, PARENT_ID, STATUS, NAME, VALUE, ORDER_NUM, DESCRIPTION) values ('4', '2', '1', '上海', '上海', '0', NULL);
insert into SYS_ZONE (ID, PARENT_ID, STATUS, NAME, VALUE, ORDER_NUM, DESCRIPTION) values ('5', '2', '1', '天津', '天津', '0', NULL);
insert into SYS_ZONE (ID, PARENT_ID, STATUS, NAME, VALUE, ORDER_NUM, DESCRIPTION) values ('6', '2', '1', '重庆', '重庆', '0', NULL);
insert into SYS_ZONE (ID, PARENT_ID, STATUS, NAME, VALUE, ORDER_NUM, DESCRIPTION) values ('7', '1', '1', '其它', '其它', '0', NULL);
insert into SYS_ZONE (ID, PARENT_ID, STATUS, NAME, VALUE, ORDER_NUM, DESCRIPTION) values ('8', '7', '1', '香港', '香港', '0', NULL);
insert into SYS_ZONE (ID, PARENT_ID, STATUS, NAME, VALUE, ORDER_NUM, DESCRIPTION) values ('9', '7', '1', '澳门', '澳门', '0', NULL);
insert into SYS_ZONE (ID, PARENT_ID, STATUS, NAME, VALUE, ORDER_NUM, DESCRIPTION) values ('10', '7', '1', '台湾', '台湾', '0', NULL);
insert into SYS_ZONE (ID, PARENT_ID, STATUS, NAME, VALUE, ORDER_NUM, DESCRIPTION) values ('11', '1', '1', '安徽', '安徽', '0', NULL);
insert into SYS_ZONE (ID, PARENT_ID, STATUS, NAME, VALUE, ORDER_NUM, DESCRIPTION) values ('12', '11', '1', '合肥', '合肥', '0', NULL);
insert into SYS_ZONE (ID, PARENT_ID, STATUS, NAME, VALUE, ORDER_NUM, DESCRIPTION) values ('13', '11', '1', '安庆', '安庆', '0', NULL);
insert into SYS_ZONE (ID, PARENT_ID, STATUS, NAME, VALUE, ORDER_NUM, DESCRIPTION) values ('14', '11', '1', '蚌埠', '蚌埠', '0', NULL);
insert into SYS_ZONE (ID, PARENT_ID, STATUS, NAME, VALUE, ORDER_NUM, DESCRIPTION) values ('15', '11', '1', '亳州', '亳州', '0', NULL);
insert into SYS_ZONE (ID, PARENT_ID, STATUS, NAME, VALUE, ORDER_NUM, DESCRIPTION) values ('16', '11', '1', '巢湖', '巢湖', '0', NULL);
insert into SYS_ZONE (ID, PARENT_ID, STATUS, NAME, VALUE, ORDER_NUM, DESCRIPTION) values ('17', '11', '1', '池州', '池州', '0', NULL);
insert into SYS_ZONE (ID, PARENT_ID, STATUS, NAME, VALUE, ORDER_NUM, DESCRIPTION) values ('18', '11', '1', '滁州', '滁州', '0', NULL);
insert into SYS_ZONE (ID, PARENT_ID, STATUS, NAME, VALUE, ORDER_NUM, DESCRIPTION) values ('19', '11', '1', '阜阳', '阜阳', '0', NULL);
insert into SYS_ZONE (ID, PARENT_ID, STATUS, NAME, VALUE, ORDER_NUM, DESCRIPTION) values ('20', '11', '1', '淮北', '淮北', '0', NULL);
insert into SYS_ZONE (ID, PARENT_ID, STATUS, NAME, VALUE, ORDER_NUM, DESCRIPTION) values ('21', '11', '1', '淮南', '淮南', '0', NULL);
insert into SYS_ZONE (ID, PARENT_ID, STATUS, NAME, VALUE, ORDER_NUM, DESCRIPTION) values ('22', '11', '1', '黄山', '黄山', '0', NULL);
insert into SYS_ZONE (ID, PARENT_ID, STATUS, NAME, VALUE, ORDER_NUM, DESCRIPTION) values ('23', '11', '1', '六安', '六安', '0', NULL);
insert into SYS_ZONE (ID, PARENT_ID, STATUS, NAME, VALUE, ORDER_NUM, DESCRIPTION) values ('24', '11', '1', '马鞍山', '马鞍山', '0', NULL);
insert into SYS_ZONE (ID, PARENT_ID, STATUS, NAME, VALUE, ORDER_NUM, DESCRIPTION) values ('25', '11', '1', '宿州', '宿州', '0', NULL);
insert into SYS_ZONE (ID, PARENT_ID, STATUS, NAME, VALUE, ORDER_NUM, DESCRIPTION) values ('26', '11', '1', '铜陵', '铜陵', '0', NULL);
insert into SYS_ZONE (ID, PARENT_ID, STATUS, NAME, VALUE, ORDER_NUM, DESCRIPTION) values ('27', '11', '1', '芜湖', '芜湖', '0', NULL);
insert into SYS_ZONE (ID, PARENT_ID, STATUS, NAME, VALUE, ORDER_NUM, DESCRIPTION) values ('28', '11', '1', '宣城', '宣城', '0', NULL);
insert into SYS_ZONE (ID, PARENT_ID, STATUS, NAME, VALUE, ORDER_NUM, DESCRIPTION) values ('29', '1', '1', '福建', '福建', '0', NULL);
insert into SYS_ZONE (ID, PARENT_ID, STATUS, NAME, VALUE, ORDER_NUM, DESCRIPTION) values ('30', '29', '1', '福州', '福州', '0', NULL);
insert into SYS_ZONE (ID, PARENT_ID, STATUS, NAME, VALUE, ORDER_NUM, DESCRIPTION) values ('31', '29', '1', '龙岩', '龙岩', '0', NULL);
insert into SYS_ZONE (ID, PARENT_ID, STATUS, NAME, VALUE, ORDER_NUM, DESCRIPTION) values ('32', '29', '1', '南平', '南平', '0', NULL);
insert into SYS_ZONE (ID, PARENT_ID, STATUS, NAME, VALUE, ORDER_NUM, DESCRIPTION) values ('33', '29', '1', '宁德', '宁德', '0', NULL);
insert into SYS_ZONE (ID, PARENT_ID, STATUS, NAME, VALUE, ORDER_NUM, DESCRIPTION) values ('34', '29', '1', '莆田', '莆田', '0', NULL);
insert into SYS_ZONE (ID, PARENT_ID, STATUS, NAME, VALUE, ORDER_NUM, DESCRIPTION) values ('35', '29', '1', '泉州', '泉州', '0', NULL);
insert into SYS_ZONE (ID, PARENT_ID, STATUS, NAME, VALUE, ORDER_NUM, DESCRIPTION) values ('36', '29', '1', '三明', '三明', '0', NULL);
insert into SYS_ZONE (ID, PARENT_ID, STATUS, NAME, VALUE, ORDER_NUM, DESCRIPTION) values ('37', '29', '1', '厦门', '厦门', '0', NULL);
insert into SYS_ZONE (ID, PARENT_ID, STATUS, NAME, VALUE, ORDER_NUM, DESCRIPTION) values ('38', '29', '1', '漳州', '漳州', '0', NULL);
insert into SYS_ZONE (ID, PARENT_ID, STATUS, NAME, VALUE, ORDER_NUM, DESCRIPTION) values ('39', '1', '1', '甘肃', '甘肃', '0', NULL);
insert into SYS_ZONE (ID, PARENT_ID, STATUS, NAME, VALUE, ORDER_NUM, DESCRIPTION) values ('40', '39', '1', '兰州', '兰州', '0', NULL);
insert into SYS_ZONE (ID, PARENT_ID, STATUS, NAME, VALUE, ORDER_NUM, DESCRIPTION) values ('41', '39', '1', '白银', '白银', '0', NULL);
insert into SYS_ZONE (ID, PARENT_ID, STATUS, NAME, VALUE, ORDER_NUM, DESCRIPTION) values ('42', '39', '1', '定西', '定西', '0', NULL);
insert into SYS_ZONE (ID, PARENT_ID, STATUS, NAME, VALUE, ORDER_NUM, DESCRIPTION) values ('43', '39', '1', '甘南州', '甘南州', '0', NULL);
insert into SYS_ZONE (ID, PARENT_ID, STATUS, NAME, VALUE, ORDER_NUM, DESCRIPTION) values ('44', '39', '1', '嘉峪关', '嘉峪关', '0', NULL);
insert into SYS_ZONE (ID, PARENT_ID, STATUS, NAME, VALUE, ORDER_NUM, DESCRIPTION) values ('45', '39', '1', '金昌', '金昌', '0', NULL);
insert into SYS_ZONE (ID, PARENT_ID, STATUS, NAME, VALUE, ORDER_NUM, DESCRIPTION) values ('46', '39', '1', '酒泉', '酒泉', '0', NULL);
insert into SYS_ZONE (ID, PARENT_ID, STATUS, NAME, VALUE, ORDER_NUM, DESCRIPTION) values ('47', '39', '1', '临夏州', '临夏州', '0', NULL);
insert into SYS_ZONE (ID, PARENT_ID, STATUS, NAME, VALUE, ORDER_NUM, DESCRIPTION) values ('48', '39', '1', '陇南', '陇南', '0', NULL);
insert into SYS_ZONE (ID, PARENT_ID, STATUS, NAME, VALUE, ORDER_NUM, DESCRIPTION) values ('49', '39', '1', '平凉', '平凉', '0', NULL);
insert into SYS_ZONE (ID, PARENT_ID, STATUS, NAME, VALUE, ORDER_NUM, DESCRIPTION) values ('50', '39', '1', '庆阳', '庆阳', '0', NULL);
insert into SYS_ZONE (ID, PARENT_ID, STATUS, NAME, VALUE, ORDER_NUM, DESCRIPTION) values ('51', '39', '1', '天水', '天水', '0', NULL);
insert into SYS_ZONE (ID, PARENT_ID, STATUS, NAME, VALUE, ORDER_NUM, DESCRIPTION) values ('52', '39', '1', '武威', '武威', '0', NULL);
insert into SYS_ZONE (ID, PARENT_ID, STATUS, NAME, VALUE, ORDER_NUM, DESCRIPTION) values ('53', '39', '1', '张掖', '张掖', '0', NULL);
insert into SYS_ZONE (ID, PARENT_ID, STATUS, NAME, VALUE, ORDER_NUM, DESCRIPTION) values ('54', '1', '1', '广东', '广东', '0', NULL);
insert into SYS_ZONE (ID, PARENT_ID, STATUS, NAME, VALUE, ORDER_NUM, DESCRIPTION) values ('55', '54', '1', '广州', '广州', '0', NULL);
insert into SYS_ZONE (ID, PARENT_ID, STATUS, NAME, VALUE, ORDER_NUM, DESCRIPTION) values ('56', '54', '1', '潮州', '潮州', '0', NULL);
insert into SYS_ZONE (ID, PARENT_ID, STATUS, NAME, VALUE, ORDER_NUM, DESCRIPTION) values ('57', '54', '1', '东莞', '东莞', '0', NULL);
insert into SYS_ZONE (ID, PARENT_ID, STATUS, NAME, VALUE, ORDER_NUM, DESCRIPTION) values ('58', '54', '1', '佛山', '佛山', '0', NULL);
insert into SYS_ZONE (ID, PARENT_ID, STATUS, NAME, VALUE, ORDER_NUM, DESCRIPTION) values ('59', '54', '1', '河源', '河源', '0', NULL);
insert into SYS_ZONE (ID, PARENT_ID, STATUS, NAME, VALUE, ORDER_NUM, DESCRIPTION) values ('60', '54', '1', '惠州', '惠州', '0', NULL);
insert into SYS_ZONE (ID, PARENT_ID, STATUS, NAME, VALUE, ORDER_NUM, DESCRIPTION) values ('61', '54', '1', '江门', '江门', '0', NULL);
insert into SYS_ZONE (ID, PARENT_ID, STATUS, NAME, VALUE, ORDER_NUM, DESCRIPTION) values ('62', '54', '1', '揭阳', '揭阳', '0', NULL);
insert into SYS_ZONE (ID, PARENT_ID, STATUS, NAME, VALUE, ORDER_NUM, DESCRIPTION) values ('63', '54', '1', '茂名', '茂名', '0', NULL);
insert into SYS_ZONE (ID, PARENT_ID, STATUS, NAME, VALUE, ORDER_NUM, DESCRIPTION) values ('64', '54', '1', '梅州', '梅州', '0', NULL);
insert into SYS_ZONE (ID, PARENT_ID, STATUS, NAME, VALUE, ORDER_NUM, DESCRIPTION) values ('65', '54', '1', '清远', '清远', '0', NULL);
insert into SYS_ZONE (ID, PARENT_ID, STATUS, NAME, VALUE, ORDER_NUM, DESCRIPTION) values ('66', '54', '1', '汕头', '汕头', '0', NULL);
insert into SYS_ZONE (ID, PARENT_ID, STATUS, NAME, VALUE, ORDER_NUM, DESCRIPTION) values ('67', '54', '1', '汕尾', '汕尾', '0', NULL);
insert into SYS_ZONE (ID, PARENT_ID, STATUS, NAME, VALUE, ORDER_NUM, DESCRIPTION) values ('68', '54', '1', '韶关', '韶关', '0', NULL);
insert into SYS_ZONE (ID, PARENT_ID, STATUS, NAME, VALUE, ORDER_NUM, DESCRIPTION) values ('69', '54', '1', '深圳', '深圳', '0', NULL);
insert into SYS_ZONE (ID, PARENT_ID, STATUS, NAME, VALUE, ORDER_NUM, DESCRIPTION) values ('70', '54', '1', '阳江', '阳江', '0', NULL);
insert into SYS_ZONE (ID, PARENT_ID, STATUS, NAME, VALUE, ORDER_NUM, DESCRIPTION) values ('71', '54', '1', '云浮', '云浮', '0', NULL);
insert into SYS_ZONE (ID, PARENT_ID, STATUS, NAME, VALUE, ORDER_NUM, DESCRIPTION) values ('72', '54', '1', '湛江', '湛江', '0', NULL);
insert into SYS_ZONE (ID, PARENT_ID, STATUS, NAME, VALUE, ORDER_NUM, DESCRIPTION) values ('73', '54', '1', '肇庆', '肇庆', '0', NULL);
insert into SYS_ZONE (ID, PARENT_ID, STATUS, NAME, VALUE, ORDER_NUM, DESCRIPTION) values ('74', '54', '1', '中山', '中山', '0', NULL);
insert into SYS_ZONE (ID, PARENT_ID, STATUS, NAME, VALUE, ORDER_NUM, DESCRIPTION) values ('75', '54', '1', '珠海', '珠海', '0', NULL);
insert into SYS_ZONE (ID, PARENT_ID, STATUS, NAME, VALUE, ORDER_NUM, DESCRIPTION) values ('76', '1', '1', '广西', '广西', '0', NULL);
insert into SYS_ZONE (ID, PARENT_ID, STATUS, NAME, VALUE, ORDER_NUM, DESCRIPTION) values ('77', '76', '1', '南宁', '南宁', '0', NULL);
insert into SYS_ZONE (ID, PARENT_ID, STATUS, NAME, VALUE, ORDER_NUM, DESCRIPTION) values ('78', '76', '1', '百色', '百色', '0', NULL);
insert into SYS_ZONE (ID, PARENT_ID, STATUS, NAME, VALUE, ORDER_NUM, DESCRIPTION) values ('79', '76', '1', '北海', '北海', '0', NULL);
insert into SYS_ZONE (ID, PARENT_ID, STATUS, NAME, VALUE, ORDER_NUM, DESCRIPTION) values ('80', '76', '1', '崇左', '崇左', '0', NULL);
insert into SYS_ZONE (ID, PARENT_ID, STATUS, NAME, VALUE, ORDER_NUM, DESCRIPTION) values ('81', '76', '1', '防城港', '防城港', '0', NULL);
insert into SYS_ZONE (ID, PARENT_ID, STATUS, NAME, VALUE, ORDER_NUM, DESCRIPTION) values ('82', '76', '1', '桂林', '桂林', '0', NULL);
insert into SYS_ZONE (ID, PARENT_ID, STATUS, NAME, VALUE, ORDER_NUM, DESCRIPTION) values ('83', '76', '1', '贵港', '贵港', '0', NULL);
insert into SYS_ZONE (ID, PARENT_ID, STATUS, NAME, VALUE, ORDER_NUM, DESCRIPTION) values ('84', '76', '1', '河池', '河池', '0', NULL);
insert into SYS_ZONE (ID, PARENT_ID, STATUS, NAME, VALUE, ORDER_NUM, DESCRIPTION) values ('85', '76', '1', '贺州', '贺州', '0', NULL);
insert into SYS_ZONE (ID, PARENT_ID, STATUS, NAME, VALUE, ORDER_NUM, DESCRIPTION) values ('86', '76', '1', '来宾', '来宾', '0', NULL);
insert into SYS_ZONE (ID, PARENT_ID, STATUS, NAME, VALUE, ORDER_NUM, DESCRIPTION) values ('87', '76', '1', '柳州', '柳州', '0', NULL);
insert into SYS_ZONE (ID, PARENT_ID, STATUS, NAME, VALUE, ORDER_NUM, DESCRIPTION) values ('88', '76', '1', '钦州', '钦州', '0', NULL);
insert into SYS_ZONE (ID, PARENT_ID, STATUS, NAME, VALUE, ORDER_NUM, DESCRIPTION) values ('89', '76', '1', '梧州', '梧州', '0', NULL);
insert into SYS_ZONE (ID, PARENT_ID, STATUS, NAME, VALUE, ORDER_NUM, DESCRIPTION) values ('90', '76', '1', '玉林', '玉林', '0', NULL);
insert into SYS_ZONE (ID, PARENT_ID, STATUS, NAME, VALUE, ORDER_NUM, DESCRIPTION) values ('91', '1', '1', '贵州', '贵州', '0', NULL);
insert into SYS_ZONE (ID, PARENT_ID, STATUS, NAME, VALUE, ORDER_NUM, DESCRIPTION) values ('92', '91', '1', '贵阳', '贵阳', '0', NULL);
insert into SYS_ZONE (ID, PARENT_ID, STATUS, NAME, VALUE, ORDER_NUM, DESCRIPTION) values ('93', '91', '1', '安顺', '安顺', '0', NULL);
insert into SYS_ZONE (ID, PARENT_ID, STATUS, NAME, VALUE, ORDER_NUM, DESCRIPTION) values ('94', '91', '1', '毕节地区', '毕节地区', '0', NULL);
insert into SYS_ZONE (ID, PARENT_ID, STATUS, NAME, VALUE, ORDER_NUM, DESCRIPTION) values ('95', '91', '1', '六盘水', '六盘水', '0', NULL);
insert into SYS_ZONE (ID, PARENT_ID, STATUS, NAME, VALUE, ORDER_NUM, DESCRIPTION) values ('96', '91', '1', '铜仁地区', '铜仁地区', '0', NULL);
insert into SYS_ZONE (ID, PARENT_ID, STATUS, NAME, VALUE, ORDER_NUM, DESCRIPTION) values ('97', '91', '1', '遵义', '遵义', '0', NULL);
insert into SYS_ZONE (ID, PARENT_ID, STATUS, NAME, VALUE, ORDER_NUM, DESCRIPTION) values ('98', '91', '1', '黔西南州', '黔西南州', '0', NULL);
insert into SYS_ZONE (ID, PARENT_ID, STATUS, NAME, VALUE, ORDER_NUM, DESCRIPTION) values ('99', '91', '1', '黔东南州', '黔东南州', '0', NULL);
insert into SYS_ZONE (ID, PARENT_ID, STATUS, NAME, VALUE, ORDER_NUM, DESCRIPTION) values ('100', '91', '1', '黔南州', '黔南州', '0', NULL);
insert into SYS_ZONE (ID, PARENT_ID, STATUS, NAME, VALUE, ORDER_NUM, DESCRIPTION) values ('101', '1', '1', '海南', '海南', '0', NULL);
insert into SYS_ZONE (ID, PARENT_ID, STATUS, NAME, VALUE, ORDER_NUM, DESCRIPTION) values ('102', '101', '1', '海口', '海口', '0', NULL);
insert into SYS_ZONE (ID, PARENT_ID, STATUS, NAME, VALUE, ORDER_NUM, DESCRIPTION) values ('103', '101', '1', '白沙', '白沙', '0', NULL);
insert into SYS_ZONE (ID, PARENT_ID, STATUS, NAME, VALUE, ORDER_NUM, DESCRIPTION) values ('104', '101', '1', '保亭', '保亭', '0', NULL);
insert into SYS_ZONE (ID, PARENT_ID, STATUS, NAME, VALUE, ORDER_NUM, DESCRIPTION) values ('105', '101', '1', '昌江', '昌江', '0', NULL);
insert into SYS_ZONE (ID, PARENT_ID, STATUS, NAME, VALUE, ORDER_NUM, DESCRIPTION) values ('106', '101', '1', '儋州', '儋州', '0', NULL);
insert into SYS_ZONE (ID, PARENT_ID, STATUS, NAME, VALUE, ORDER_NUM, DESCRIPTION) values ('107', '101', '1', '澄迈', '澄迈', '0', NULL);
insert into SYS_ZONE (ID, PARENT_ID, STATUS, NAME, VALUE, ORDER_NUM, DESCRIPTION) values ('108', '101', '1', '东方', '东方', '0', NULL);
insert into SYS_ZONE (ID, PARENT_ID, STATUS, NAME, VALUE, ORDER_NUM, DESCRIPTION) values ('109', '101', '1', '定安', '定安', '0', NULL);
insert into SYS_ZONE (ID, PARENT_ID, STATUS, NAME, VALUE, ORDER_NUM, DESCRIPTION) values ('110', '101', '1', '琼海', '琼海', '0', NULL);
insert into SYS_ZONE (ID, PARENT_ID, STATUS, NAME, VALUE, ORDER_NUM, DESCRIPTION) values ('111', '101', '1', '琼中', '琼中', '0', NULL);
insert into SYS_ZONE (ID, PARENT_ID, STATUS, NAME, VALUE, ORDER_NUM, DESCRIPTION) values ('112', '101', '1', '乐东', '乐东', '0', NULL);
insert into SYS_ZONE (ID, PARENT_ID, STATUS, NAME, VALUE, ORDER_NUM, DESCRIPTION) values ('113', '101', '1', '临高', '临高', '0', NULL);
insert into SYS_ZONE (ID, PARENT_ID, STATUS, NAME, VALUE, ORDER_NUM, DESCRIPTION) values ('114', '101', '1', '陵水', '陵水', '0', NULL);
insert into SYS_ZONE (ID, PARENT_ID, STATUS, NAME, VALUE, ORDER_NUM, DESCRIPTION) values ('115', '101', '1', '三亚', '三亚', '0', NULL);
insert into SYS_ZONE (ID, PARENT_ID, STATUS, NAME, VALUE, ORDER_NUM, DESCRIPTION) values ('116', '101', '1', '屯昌', '屯昌', '0', NULL);
insert into SYS_ZONE (ID, PARENT_ID, STATUS, NAME, VALUE, ORDER_NUM, DESCRIPTION) values ('117', '101', '1', '万宁', '万宁', '0', NULL);
insert into SYS_ZONE (ID, PARENT_ID, STATUS, NAME, VALUE, ORDER_NUM, DESCRIPTION) values ('118', '101', '1', '文昌', '文昌', '0', NULL);
insert into SYS_ZONE (ID, PARENT_ID, STATUS, NAME, VALUE, ORDER_NUM, DESCRIPTION) values ('119', '101', '1', '五指山', '五指山', '0', NULL);
insert into SYS_ZONE (ID, PARENT_ID, STATUS, NAME, VALUE, ORDER_NUM, DESCRIPTION) values ('120', '1', '1', '河北', '河北', '0', NULL);
insert into SYS_ZONE (ID, PARENT_ID, STATUS, NAME, VALUE, ORDER_NUM, DESCRIPTION) values ('121', '120', '1', '石家庄', '石家庄', '0', NULL);
insert into SYS_ZONE (ID, PARENT_ID, STATUS, NAME, VALUE, ORDER_NUM, DESCRIPTION) values ('122', '120', '1', '保定', '保定', '0', NULL);
insert into SYS_ZONE (ID, PARENT_ID, STATUS, NAME, VALUE, ORDER_NUM, DESCRIPTION) values ('123', '120', '1', '沧州', '沧州', '0', NULL);
insert into SYS_ZONE (ID, PARENT_ID, STATUS, NAME, VALUE, ORDER_NUM, DESCRIPTION) values ('124', '120', '1', '承德', '承德', '0', NULL);
insert into SYS_ZONE (ID, PARENT_ID, STATUS, NAME, VALUE, ORDER_NUM, DESCRIPTION) values ('125', '120', '1', '邯郸', '邯郸', '0', NULL);
insert into SYS_ZONE (ID, PARENT_ID, STATUS, NAME, VALUE, ORDER_NUM, DESCRIPTION) values ('126', '120', '1', '衡水', '衡水', '0', NULL);
insert into SYS_ZONE (ID, PARENT_ID, STATUS, NAME, VALUE, ORDER_NUM, DESCRIPTION) values ('127', '120', '1', '廊坊', '廊坊', '0', NULL);
insert into SYS_ZONE (ID, PARENT_ID, STATUS, NAME, VALUE, ORDER_NUM, DESCRIPTION) values ('128', '120', '1', '秦皇岛', '秦皇岛', '0', NULL);
insert into SYS_ZONE (ID, PARENT_ID, STATUS, NAME, VALUE, ORDER_NUM, DESCRIPTION) values ('129', '120', '1', '唐山', '唐山', '0', NULL);
insert into SYS_ZONE (ID, PARENT_ID, STATUS, NAME, VALUE, ORDER_NUM, DESCRIPTION) values ('130', '120', '1', '邢台', '邢台', '0', NULL);
insert into SYS_ZONE (ID, PARENT_ID, STATUS, NAME, VALUE, ORDER_NUM, DESCRIPTION) values ('131', '120', '1', '张家口', '张家口', '0', NULL);
insert into SYS_ZONE (ID, PARENT_ID, STATUS, NAME, VALUE, ORDER_NUM, DESCRIPTION) values ('132', '1', '1', '河南', '河南', '0', NULL);
insert into SYS_ZONE (ID, PARENT_ID, STATUS, NAME, VALUE, ORDER_NUM, DESCRIPTION) values ('133', '132', '1', '郑州', '郑州', '0', NULL);
insert into SYS_ZONE (ID, PARENT_ID, STATUS, NAME, VALUE, ORDER_NUM, DESCRIPTION) values ('134', '132', '1', '安阳', '安阳', '0', NULL);
insert into SYS_ZONE (ID, PARENT_ID, STATUS, NAME, VALUE, ORDER_NUM, DESCRIPTION) values ('135', '132', '1', '鹤壁', '鹤壁', '0', NULL);
insert into SYS_ZONE (ID, PARENT_ID, STATUS, NAME, VALUE, ORDER_NUM, DESCRIPTION) values ('136', '132', '1', '焦作', '焦作', '0', NULL);
insert into SYS_ZONE (ID, PARENT_ID, STATUS, NAME, VALUE, ORDER_NUM, DESCRIPTION) values ('137', '132', '1', '开封', '开封', '0', NULL);
insert into SYS_ZONE (ID, PARENT_ID, STATUS, NAME, VALUE, ORDER_NUM, DESCRIPTION) values ('138', '132', '1', '洛阳', '洛阳', '0', NULL);
insert into SYS_ZONE (ID, PARENT_ID, STATUS, NAME, VALUE, ORDER_NUM, DESCRIPTION) values ('139', '132', '1', '漯河', '漯河', '0', NULL);
insert into SYS_ZONE (ID, PARENT_ID, STATUS, NAME, VALUE, ORDER_NUM, DESCRIPTION) values ('140', '132', '1', '南阳', '南阳', '0', NULL);
insert into SYS_ZONE (ID, PARENT_ID, STATUS, NAME, VALUE, ORDER_NUM, DESCRIPTION) values ('141', '132', '1', '平顶山', '平顶山', '0', NULL);
insert into SYS_ZONE (ID, PARENT_ID, STATUS, NAME, VALUE, ORDER_NUM, DESCRIPTION) values ('142', '132', '1', '濮阳', '濮阳', '0', NULL);
insert into SYS_ZONE (ID, PARENT_ID, STATUS, NAME, VALUE, ORDER_NUM, DESCRIPTION) values ('143', '132', '1', '三门峡', '三门峡', '0', NULL);
insert into SYS_ZONE (ID, PARENT_ID, STATUS, NAME, VALUE, ORDER_NUM, DESCRIPTION) values ('144', '132', '1', '商丘', '商丘', '0', NULL);
insert into SYS_ZONE (ID, PARENT_ID, STATUS, NAME, VALUE, ORDER_NUM, DESCRIPTION) values ('145', '132', '1', '新乡', '新乡', '0', NULL);
insert into SYS_ZONE (ID, PARENT_ID, STATUS, NAME, VALUE, ORDER_NUM, DESCRIPTION) values ('146', '132', '1', '信阳', '信阳', '0', NULL);
insert into SYS_ZONE (ID, PARENT_ID, STATUS, NAME, VALUE, ORDER_NUM, DESCRIPTION) values ('147', '132', '1', '许昌', '许昌', '0', NULL);
insert into SYS_ZONE (ID, PARENT_ID, STATUS, NAME, VALUE, ORDER_NUM, DESCRIPTION) values ('148', '132', '1', '周口', '周口', '0', NULL);
insert into SYS_ZONE (ID, PARENT_ID, STATUS, NAME, VALUE, ORDER_NUM, DESCRIPTION) values ('149', '132', '1', '驻马店', '驻马店', '0', NULL);
insert into SYS_ZONE (ID, PARENT_ID, STATUS, NAME, VALUE, ORDER_NUM, DESCRIPTION) values ('150', '1', '1', '黑龙江', '黑龙江', '0', NULL);
insert into SYS_ZONE (ID, PARENT_ID, STATUS, NAME, VALUE, ORDER_NUM, DESCRIPTION) values ('151', '150', '1', '哈尔滨', '哈尔滨', '0', NULL);
insert into SYS_ZONE (ID, PARENT_ID, STATUS, NAME, VALUE, ORDER_NUM, DESCRIPTION) values ('152', '150', '1', '大庆', '大庆', '0', NULL);
insert into SYS_ZONE (ID, PARENT_ID, STATUS, NAME, VALUE, ORDER_NUM, DESCRIPTION) values ('153', '150', '1', '大兴安岭地区', '大兴安岭地区', '0', NULL);
insert into SYS_ZONE (ID, PARENT_ID, STATUS, NAME, VALUE, ORDER_NUM, DESCRIPTION) values ('154', '150', '1', '鹤岗', '鹤岗', '0', NULL);
insert into SYS_ZONE (ID, PARENT_ID, STATUS, NAME, VALUE, ORDER_NUM, DESCRIPTION) values ('155', '150', '1', '黑河', '黑河', '0', NULL);
insert into SYS_ZONE (ID, PARENT_ID, STATUS, NAME, VALUE, ORDER_NUM, DESCRIPTION) values ('156', '150', '1', '鸡西', '鸡西', '0', NULL);
insert into SYS_ZONE (ID, PARENT_ID, STATUS, NAME, VALUE, ORDER_NUM, DESCRIPTION) values ('157', '150', '1', '佳木斯', '佳木斯', '0', NULL);
insert into SYS_ZONE (ID, PARENT_ID, STATUS, NAME, VALUE, ORDER_NUM, DESCRIPTION) values ('158', '150', '1', '牡丹江', '牡丹江', '0', NULL);
insert into SYS_ZONE (ID, PARENT_ID, STATUS, NAME, VALUE, ORDER_NUM, DESCRIPTION) values ('159', '150', '1', '七台河', '七台河', '0', NULL);
insert into SYS_ZONE (ID, PARENT_ID, STATUS, NAME, VALUE, ORDER_NUM, DESCRIPTION) values ('160', '150', '1', '齐齐哈尔', '齐齐哈尔', '0', NULL);
insert into SYS_ZONE (ID, PARENT_ID, STATUS, NAME, VALUE, ORDER_NUM, DESCRIPTION) values ('161', '150', '1', '双鸭山', '双鸭山', '0', NULL);
insert into SYS_ZONE (ID, PARENT_ID, STATUS, NAME, VALUE, ORDER_NUM, DESCRIPTION) values ('162', '150', '1', '绥化', '绥化', '0', NULL);
insert into SYS_ZONE (ID, PARENT_ID, STATUS, NAME, VALUE, ORDER_NUM, DESCRIPTION) values ('163', '150', '1', '伊春', '伊春', '0', NULL);
insert into SYS_ZONE (ID, PARENT_ID, STATUS, NAME, VALUE, ORDER_NUM, DESCRIPTION) values ('164', '1', '1', '湖北', '湖北', '0', NULL);
insert into SYS_ZONE (ID, PARENT_ID, STATUS, NAME, VALUE, ORDER_NUM, DESCRIPTION) values ('165', '164', '1', '武汉', '武汉', '0', NULL);
insert into SYS_ZONE (ID, PARENT_ID, STATUS, NAME, VALUE, ORDER_NUM, DESCRIPTION) values ('166', '164', '1', '鄂州', '鄂州', '0', NULL);
insert into SYS_ZONE (ID, PARENT_ID, STATUS, NAME, VALUE, ORDER_NUM, DESCRIPTION) values ('167', '164', '1', '恩施', '恩施', '0', NULL);
insert into SYS_ZONE (ID, PARENT_ID, STATUS, NAME, VALUE, ORDER_NUM, DESCRIPTION) values ('168', '164', '1', '黄冈', '黄冈', '0', NULL);
insert into SYS_ZONE (ID, PARENT_ID, STATUS, NAME, VALUE, ORDER_NUM, DESCRIPTION) values ('169', '164', '1', '黄石', '黄石', '0', NULL);
insert into SYS_ZONE (ID, PARENT_ID, STATUS, NAME, VALUE, ORDER_NUM, DESCRIPTION) values ('170', '164', '1', '荆门', '荆门', '0', NULL);
insert into SYS_ZONE (ID, PARENT_ID, STATUS, NAME, VALUE, ORDER_NUM, DESCRIPTION) values ('171', '164', '1', '荆州', '荆州', '0', NULL);
insert into SYS_ZONE (ID, PARENT_ID, STATUS, NAME, VALUE, ORDER_NUM, DESCRIPTION) values ('172', '164', '1', '潜江', '潜江', '0', NULL);
insert into SYS_ZONE (ID, PARENT_ID, STATUS, NAME, VALUE, ORDER_NUM, DESCRIPTION) values ('173', '164', '1', '神农架林区', '神农架林区', '0', NULL);
insert into SYS_ZONE (ID, PARENT_ID, STATUS, NAME, VALUE, ORDER_NUM, DESCRIPTION) values ('174', '164', '1', '十堰', '十堰', '0', NULL);
insert into SYS_ZONE (ID, PARENT_ID, STATUS, NAME, VALUE, ORDER_NUM, DESCRIPTION) values ('175', '164', '1', '随州', '随州', '0', NULL);
insert into SYS_ZONE (ID, PARENT_ID, STATUS, NAME, VALUE, ORDER_NUM, DESCRIPTION) values ('176', '164', '1', '天门', '天门', '0', NULL);
insert into SYS_ZONE (ID, PARENT_ID, STATUS, NAME, VALUE, ORDER_NUM, DESCRIPTION) values ('177', '164', '1', '仙桃', '仙桃', '0', NULL);
insert into SYS_ZONE (ID, PARENT_ID, STATUS, NAME, VALUE, ORDER_NUM, DESCRIPTION) values ('178', '164', '1', '咸宁', '咸宁', '0', NULL);
insert into SYS_ZONE (ID, PARENT_ID, STATUS, NAME, VALUE, ORDER_NUM, DESCRIPTION) values ('179', '164', '1', '襄樊', '襄樊', '0', NULL);
insert into SYS_ZONE (ID, PARENT_ID, STATUS, NAME, VALUE, ORDER_NUM, DESCRIPTION) values ('180', '164', '1', '孝感', '孝感', '0', NULL);
insert into SYS_ZONE (ID, PARENT_ID, STATUS, NAME, VALUE, ORDER_NUM, DESCRIPTION) values ('181', '164', '1', '宜昌', '宜昌', '0', NULL);
insert into SYS_ZONE (ID, PARENT_ID, STATUS, NAME, VALUE, ORDER_NUM, DESCRIPTION) values ('182', '1', '1', '湖南', '湖南', '0', NULL);
insert into SYS_ZONE (ID, PARENT_ID, STATUS, NAME, VALUE, ORDER_NUM, DESCRIPTION) values ('183', '182', '1', '长沙', '长沙', '0', NULL);
insert into SYS_ZONE (ID, PARENT_ID, STATUS, NAME, VALUE, ORDER_NUM, DESCRIPTION) values ('184', '182', '1', '常德', '常德', '0', NULL);
insert into SYS_ZONE (ID, PARENT_ID, STATUS, NAME, VALUE, ORDER_NUM, DESCRIPTION) values ('185', '182', '1', '郴州', '郴州', '0', NULL);
insert into SYS_ZONE (ID, PARENT_ID, STATUS, NAME, VALUE, ORDER_NUM, DESCRIPTION) values ('186', '182', '1', '衡阳', '衡阳', '0', NULL);
insert into SYS_ZONE (ID, PARENT_ID, STATUS, NAME, VALUE, ORDER_NUM, DESCRIPTION) values ('187', '182', '1', '怀化', '怀化', '0', NULL);
insert into SYS_ZONE (ID, PARENT_ID, STATUS, NAME, VALUE, ORDER_NUM, DESCRIPTION) values ('188', '182', '1', '娄底', '娄底', '0', NULL);
insert into SYS_ZONE (ID, PARENT_ID, STATUS, NAME, VALUE, ORDER_NUM, DESCRIPTION) values ('189', '182', '1', '邵阳', '邵阳', '0', NULL);
insert into SYS_ZONE (ID, PARENT_ID, STATUS, NAME, VALUE, ORDER_NUM, DESCRIPTION) values ('190', '182', '1', '湘潭', '湘潭', '0', NULL);
insert into SYS_ZONE (ID, PARENT_ID, STATUS, NAME, VALUE, ORDER_NUM, DESCRIPTION) values ('191', '182', '1', '湘西州', '湘西州', '0', NULL);
insert into SYS_ZONE (ID, PARENT_ID, STATUS, NAME, VALUE, ORDER_NUM, DESCRIPTION) values ('192', '182', '1', '益阳', '益阳', '0', NULL);
insert into SYS_ZONE (ID, PARENT_ID, STATUS, NAME, VALUE, ORDER_NUM, DESCRIPTION) values ('193', '182', '1', '永州', '永州', '0', NULL);
insert into SYS_ZONE (ID, PARENT_ID, STATUS, NAME, VALUE, ORDER_NUM, DESCRIPTION) values ('194', '182', '1', '岳阳', '岳阳', '0', NULL);
insert into SYS_ZONE (ID, PARENT_ID, STATUS, NAME, VALUE, ORDER_NUM, DESCRIPTION) values ('195', '182', '1', '张家界', '张家界', '0', NULL);
insert into SYS_ZONE (ID, PARENT_ID, STATUS, NAME, VALUE, ORDER_NUM, DESCRIPTION) values ('196', '182', '1', '株洲', '株洲', '0', NULL);
insert into SYS_ZONE (ID, PARENT_ID, STATUS, NAME, VALUE, ORDER_NUM, DESCRIPTION) values ('197', '1', '1', '江苏', '江苏', '0', NULL);
insert into SYS_ZONE (ID, PARENT_ID, STATUS, NAME, VALUE, ORDER_NUM, DESCRIPTION) values ('198', '197', '1', '南京', '南京', '0', NULL);
insert into SYS_ZONE (ID, PARENT_ID, STATUS, NAME, VALUE, ORDER_NUM, DESCRIPTION) values ('199', '197', '1', '常州', '常州', '0', NULL);
insert into SYS_ZONE (ID, PARENT_ID, STATUS, NAME, VALUE, ORDER_NUM, DESCRIPTION) values ('200', '197', '1', '淮安', '淮安', '0', NULL);
insert into SYS_ZONE (ID, PARENT_ID, STATUS, NAME, VALUE, ORDER_NUM, DESCRIPTION) values ('201', '197', '1', '连云港', '连云港', '0', NULL);
insert into SYS_ZONE (ID, PARENT_ID, STATUS, NAME, VALUE, ORDER_NUM, DESCRIPTION) values ('202', '197', '1', '南通', '南通', '0', NULL);
insert into SYS_ZONE (ID, PARENT_ID, STATUS, NAME, VALUE, ORDER_NUM, DESCRIPTION) values ('203', '197', '1', '苏州', '苏州', '0', NULL);
insert into SYS_ZONE (ID, PARENT_ID, STATUS, NAME, VALUE, ORDER_NUM, DESCRIPTION) values ('204', '197', '1', '宿迁', '宿迁', '0', NULL);
insert into SYS_ZONE (ID, PARENT_ID, STATUS, NAME, VALUE, ORDER_NUM, DESCRIPTION) values ('205', '197', '1', '泰州', '泰州', '0', NULL);
insert into SYS_ZONE (ID, PARENT_ID, STATUS, NAME, VALUE, ORDER_NUM, DESCRIPTION) values ('206', '197', '1', '无锡', '无锡', '0', NULL);
insert into SYS_ZONE (ID, PARENT_ID, STATUS, NAME, VALUE, ORDER_NUM, DESCRIPTION) values ('207', '197', '1', '徐州', '徐州', '0', NULL);
insert into SYS_ZONE (ID, PARENT_ID, STATUS, NAME, VALUE, ORDER_NUM, DESCRIPTION) values ('208', '197', '1', '盐城', '盐城', '0', NULL);
insert into SYS_ZONE (ID, PARENT_ID, STATUS, NAME, VALUE, ORDER_NUM, DESCRIPTION) values ('209', '197', '1', '扬州', '扬州', '0', NULL);
insert into SYS_ZONE (ID, PARENT_ID, STATUS, NAME, VALUE, ORDER_NUM, DESCRIPTION) values ('210', '197', '1', '镇江', '镇江', '0', NULL);
insert into SYS_ZONE (ID, PARENT_ID, STATUS, NAME, VALUE, ORDER_NUM, DESCRIPTION) values ('211', '1', '1', '江西', '江西', '0', NULL);
insert into SYS_ZONE (ID, PARENT_ID, STATUS, NAME, VALUE, ORDER_NUM, DESCRIPTION) values ('212', '211', '1', '南昌', '南昌', '0', NULL);
insert into SYS_ZONE (ID, PARENT_ID, STATUS, NAME, VALUE, ORDER_NUM, DESCRIPTION) values ('213', '211', '1', '抚州', '抚州', '0', NULL);
insert into SYS_ZONE (ID, PARENT_ID, STATUS, NAME, VALUE, ORDER_NUM, DESCRIPTION) values ('214', '211', '1', '赣州', '赣州', '0', NULL);
insert into SYS_ZONE (ID, PARENT_ID, STATUS, NAME, VALUE, ORDER_NUM, DESCRIPTION) values ('215', '211', '1', '吉安', '吉安', '0', NULL);
insert into SYS_ZONE (ID, PARENT_ID, STATUS, NAME, VALUE, ORDER_NUM, DESCRIPTION) values ('216', '211', '1', '景德镇', '景德镇', '0', NULL);
insert into SYS_ZONE (ID, PARENT_ID, STATUS, NAME, VALUE, ORDER_NUM, DESCRIPTION) values ('217', '211', '1', '九江', '九江', '0', NULL);
insert into SYS_ZONE (ID, PARENT_ID, STATUS, NAME, VALUE, ORDER_NUM, DESCRIPTION) values ('218', '211', '1', '萍乡', '萍乡', '0', NULL);
insert into SYS_ZONE (ID, PARENT_ID, STATUS, NAME, VALUE, ORDER_NUM, DESCRIPTION) values ('219', '211', '1', '上饶', '上饶', '0', NULL);
insert into SYS_ZONE (ID, PARENT_ID, STATUS, NAME, VALUE, ORDER_NUM, DESCRIPTION) values ('220', '211', '1', '新余', '新余', '0', NULL);
insert into SYS_ZONE (ID, PARENT_ID, STATUS, NAME, VALUE, ORDER_NUM, DESCRIPTION) values ('221', '211', '1', '宜春', '宜春', '0', NULL);
insert into SYS_ZONE (ID, PARENT_ID, STATUS, NAME, VALUE, ORDER_NUM, DESCRIPTION) values ('222', '211', '1', '鹰潭', '鹰潭', '0', NULL);
insert into SYS_ZONE (ID, PARENT_ID, STATUS, NAME, VALUE, ORDER_NUM, DESCRIPTION) values ('223', '1', '1', '吉林', '吉林', '0', NULL);
insert into SYS_ZONE (ID, PARENT_ID, STATUS, NAME, VALUE, ORDER_NUM, DESCRIPTION) values ('224', '223', '1', '长春', '长春', '0', NULL);
insert into SYS_ZONE (ID, PARENT_ID, STATUS, NAME, VALUE, ORDER_NUM, DESCRIPTION) values ('225', '223', '1', '白城', '白城', '0', NULL);
insert into SYS_ZONE (ID, PARENT_ID, STATUS, NAME, VALUE, ORDER_NUM, DESCRIPTION) values ('226', '223', '1', '白山', '白山', '0', NULL);
insert into SYS_ZONE (ID, PARENT_ID, STATUS, NAME, VALUE, ORDER_NUM, DESCRIPTION) values ('227', '223', '1', '吉林市', '吉林市', '0', NULL);
insert into SYS_ZONE (ID, PARENT_ID, STATUS, NAME, VALUE, ORDER_NUM, DESCRIPTION) values ('228', '223', '1', '辽源', '辽源', '0', NULL);
insert into SYS_ZONE (ID, PARENT_ID, STATUS, NAME, VALUE, ORDER_NUM, DESCRIPTION) values ('229', '223', '1', '四平', '四平', '0', NULL);
insert into SYS_ZONE (ID, PARENT_ID, STATUS, NAME, VALUE, ORDER_NUM, DESCRIPTION) values ('230', '223', '1', '松原', '松原', '0', NULL);
insert into SYS_ZONE (ID, PARENT_ID, STATUS, NAME, VALUE, ORDER_NUM, DESCRIPTION) values ('231', '223', '1', '通化', '通化', '0', NULL);
insert into SYS_ZONE (ID, PARENT_ID, STATUS, NAME, VALUE, ORDER_NUM, DESCRIPTION) values ('232', '223', '1', '延边', '延边', '0', NULL);
insert into SYS_ZONE (ID, PARENT_ID, STATUS, NAME, VALUE, ORDER_NUM, DESCRIPTION) values ('233', '1', '1', '辽宁', '辽宁', '0', NULL);
insert into SYS_ZONE (ID, PARENT_ID, STATUS, NAME, VALUE, ORDER_NUM, DESCRIPTION) values ('234', '233', '1', '沈阳', '沈阳', '0', NULL);
insert into SYS_ZONE (ID, PARENT_ID, STATUS, NAME, VALUE, ORDER_NUM, DESCRIPTION) values ('235', '233', '1', '鞍山', '鞍山', '0', NULL);
insert into SYS_ZONE (ID, PARENT_ID, STATUS, NAME, VALUE, ORDER_NUM, DESCRIPTION) values ('236', '233', '1', '本溪', '本溪', '0', NULL);
insert into SYS_ZONE (ID, PARENT_ID, STATUS, NAME, VALUE, ORDER_NUM, DESCRIPTION) values ('237', '233', '1', '朝阳', '朝阳', '0', NULL);
insert into SYS_ZONE (ID, PARENT_ID, STATUS, NAME, VALUE, ORDER_NUM, DESCRIPTION) values ('238', '233', '1', '大连', '大连', '0', NULL);
insert into SYS_ZONE (ID, PARENT_ID, STATUS, NAME, VALUE, ORDER_NUM, DESCRIPTION) values ('239', '233', '1', '丹东', '丹东', '0', NULL);
insert into SYS_ZONE (ID, PARENT_ID, STATUS, NAME, VALUE, ORDER_NUM, DESCRIPTION) values ('240', '233', '1', '抚顺', '抚顺', '0', NULL);
insert into SYS_ZONE (ID, PARENT_ID, STATUS, NAME, VALUE, ORDER_NUM, DESCRIPTION) values ('241', '233', '1', '阜新', '阜新', '0', NULL);
insert into SYS_ZONE (ID, PARENT_ID, STATUS, NAME, VALUE, ORDER_NUM, DESCRIPTION) values ('242', '233', '1', '葫芦岛', '葫芦岛', '0', NULL);
insert into SYS_ZONE (ID, PARENT_ID, STATUS, NAME, VALUE, ORDER_NUM, DESCRIPTION) values ('243', '233', '1', '锦州', '锦州', '0', NULL);
insert into SYS_ZONE (ID, PARENT_ID, STATUS, NAME, VALUE, ORDER_NUM, DESCRIPTION) values ('244', '233', '1', '辽阳', '辽阳', '0', NULL);
insert into SYS_ZONE (ID, PARENT_ID, STATUS, NAME, VALUE, ORDER_NUM, DESCRIPTION) values ('245', '233', '1', '盘锦', '盘锦', '0', NULL);
insert into SYS_ZONE (ID, PARENT_ID, STATUS, NAME, VALUE, ORDER_NUM, DESCRIPTION) values ('246', '233', '1', '铁岭', '铁岭', '0', NULL);
insert into SYS_ZONE (ID, PARENT_ID, STATUS, NAME, VALUE, ORDER_NUM, DESCRIPTION) values ('247', '233', '1', '营口', '营口', '0', NULL);
insert into SYS_ZONE (ID, PARENT_ID, STATUS, NAME, VALUE, ORDER_NUM, DESCRIPTION) values ('248', '1', '1', '内蒙古', '内蒙古', '0', NULL);
insert into SYS_ZONE (ID, PARENT_ID, STATUS, NAME, VALUE, ORDER_NUM, DESCRIPTION) values ('249', '248', '1', '呼和浩特', '呼和浩特', '0', NULL);
insert into SYS_ZONE (ID, PARENT_ID, STATUS, NAME, VALUE, ORDER_NUM, DESCRIPTION) values ('250', '248', '1', '阿拉善盟', '阿拉善盟', '0', NULL);
insert into SYS_ZONE (ID, PARENT_ID, STATUS, NAME, VALUE, ORDER_NUM, DESCRIPTION) values ('251', '248', '1', '包头', '包头', '0', NULL);
insert into SYS_ZONE (ID, PARENT_ID, STATUS, NAME, VALUE, ORDER_NUM, DESCRIPTION) values ('252', '248', '1', '巴彦淖尔', '巴彦淖尔', '0', NULL);
insert into SYS_ZONE (ID, PARENT_ID, STATUS, NAME, VALUE, ORDER_NUM, DESCRIPTION) values ('253', '248', '1', '赤峰', '赤峰', '0', NULL);
insert into SYS_ZONE (ID, PARENT_ID, STATUS, NAME, VALUE, ORDER_NUM, DESCRIPTION) values ('254', '248', '1', '鄂尔多斯', '鄂尔多斯', '0', NULL);
insert into SYS_ZONE (ID, PARENT_ID, STATUS, NAME, VALUE, ORDER_NUM, DESCRIPTION) values ('255', '248', '1', '呼伦贝尔', '呼伦贝尔', '0', NULL);
insert into SYS_ZONE (ID, PARENT_ID, STATUS, NAME, VALUE, ORDER_NUM, DESCRIPTION) values ('256', '248', '1', '通辽', '通辽', '0', NULL);
insert into SYS_ZONE (ID, PARENT_ID, STATUS, NAME, VALUE, ORDER_NUM, DESCRIPTION) values ('257', '248', '1', '乌海', '乌海', '0', NULL);
insert into SYS_ZONE (ID, PARENT_ID, STATUS, NAME, VALUE, ORDER_NUM, DESCRIPTION) values ('258', '248', '1', '乌兰察布', '乌兰察布', '0', NULL);
insert into SYS_ZONE (ID, PARENT_ID, STATUS, NAME, VALUE, ORDER_NUM, DESCRIPTION) values ('259', '248', '1', '锡林郭勒盟', '锡林郭勒盟', '0', NULL);
insert into SYS_ZONE (ID, PARENT_ID, STATUS, NAME, VALUE, ORDER_NUM, DESCRIPTION) values ('260', '248', '1', '兴安盟', '兴安盟', '0', NULL);
insert into SYS_ZONE (ID, PARENT_ID, STATUS, NAME, VALUE, ORDER_NUM, DESCRIPTION) values ('261', '1', '1', '宁夏', '宁夏', '0', NULL);
insert into SYS_ZONE (ID, PARENT_ID, STATUS, NAME, VALUE, ORDER_NUM, DESCRIPTION) values ('262', '261', '1', '银川', '银川', '0', NULL);
insert into SYS_ZONE (ID, PARENT_ID, STATUS, NAME, VALUE, ORDER_NUM, DESCRIPTION) values ('263', '261', '1', '固原', '固原', '0', NULL);
insert into SYS_ZONE (ID, PARENT_ID, STATUS, NAME, VALUE, ORDER_NUM, DESCRIPTION) values ('264', '261', '1', '石嘴山', '石嘴山', '0', NULL);
insert into SYS_ZONE (ID, PARENT_ID, STATUS, NAME, VALUE, ORDER_NUM, DESCRIPTION) values ('265', '261', '1', '吴忠', '吴忠', '0', NULL);
insert into SYS_ZONE (ID, PARENT_ID, STATUS, NAME, VALUE, ORDER_NUM, DESCRIPTION) values ('266', '261', '1', '中卫', '中卫', '0', NULL);
insert into SYS_ZONE (ID, PARENT_ID, STATUS, NAME, VALUE, ORDER_NUM, DESCRIPTION) values ('267', '1', '1', '青海', '青海', '0', NULL);
insert into SYS_ZONE (ID, PARENT_ID, STATUS, NAME, VALUE, ORDER_NUM, DESCRIPTION) values ('268', '267', '1', '西宁', '西宁', '0', NULL);
insert into SYS_ZONE (ID, PARENT_ID, STATUS, NAME, VALUE, ORDER_NUM, DESCRIPTION) values ('269', '267', '1', '果洛州', '果洛州', '0', NULL);
insert into SYS_ZONE (ID, PARENT_ID, STATUS, NAME, VALUE, ORDER_NUM, DESCRIPTION) values ('270', '267', '1', '海东地区', '海东地区', '0', NULL);
insert into SYS_ZONE (ID, PARENT_ID, STATUS, NAME, VALUE, ORDER_NUM, DESCRIPTION) values ('271', '267', '1', '海北州', '海北州', '0', NULL);
insert into SYS_ZONE (ID, PARENT_ID, STATUS, NAME, VALUE, ORDER_NUM, DESCRIPTION) values ('272', '267', '1', '海南州', '海南州', '0', NULL);
insert into SYS_ZONE (ID, PARENT_ID, STATUS, NAME, VALUE, ORDER_NUM, DESCRIPTION) values ('273', '267', '1', '海西州', '海西州', '0', NULL);
insert into SYS_ZONE (ID, PARENT_ID, STATUS, NAME, VALUE, ORDER_NUM, DESCRIPTION) values ('274', '267', '1', '黄南州', '黄南州', '0', NULL);
insert into SYS_ZONE (ID, PARENT_ID, STATUS, NAME, VALUE, ORDER_NUM, DESCRIPTION) values ('275', '267', '1', '玉树州', '玉树州', '0', NULL);
insert into SYS_ZONE (ID, PARENT_ID, STATUS, NAME, VALUE, ORDER_NUM, DESCRIPTION) values ('276', '1', '1', '山东', '山东', '0', NULL);
insert into SYS_ZONE (ID, PARENT_ID, STATUS, NAME, VALUE, ORDER_NUM, DESCRIPTION) values ('277', '276', '1', '济南', '济南', '0', NULL);
insert into SYS_ZONE (ID, PARENT_ID, STATUS, NAME, VALUE, ORDER_NUM, DESCRIPTION) values ('278', '276', '1', '滨州', '滨州', '0', NULL);
insert into SYS_ZONE (ID, PARENT_ID, STATUS, NAME, VALUE, ORDER_NUM, DESCRIPTION) values ('279', '276', '1', '东营', '东营', '0', NULL);
insert into SYS_ZONE (ID, PARENT_ID, STATUS, NAME, VALUE, ORDER_NUM, DESCRIPTION) values ('280', '276', '1', '德州', '德州', '0', NULL);
insert into SYS_ZONE (ID, PARENT_ID, STATUS, NAME, VALUE, ORDER_NUM, DESCRIPTION) values ('281', '276', '1', '菏泽', '菏泽', '0', NULL);
insert into SYS_ZONE (ID, PARENT_ID, STATUS, NAME, VALUE, ORDER_NUM, DESCRIPTION) values ('282', '276', '1', '济宁', '济宁', '0', NULL);
insert into SYS_ZONE (ID, PARENT_ID, STATUS, NAME, VALUE, ORDER_NUM, DESCRIPTION) values ('283', '276', '1', '莱芜', '莱芜', '0', NULL);
insert into SYS_ZONE (ID, PARENT_ID, STATUS, NAME, VALUE, ORDER_NUM, DESCRIPTION) values ('284', '276', '1', '聊城', '聊城', '0', NULL);
insert into SYS_ZONE (ID, PARENT_ID, STATUS, NAME, VALUE, ORDER_NUM, DESCRIPTION) values ('285', '276', '1', '临沂', '临沂', '0', NULL);
insert into SYS_ZONE (ID, PARENT_ID, STATUS, NAME, VALUE, ORDER_NUM, DESCRIPTION) values ('286', '276', '1', '青岛', '青岛', '0', NULL);
insert into SYS_ZONE (ID, PARENT_ID, STATUS, NAME, VALUE, ORDER_NUM, DESCRIPTION) values ('287', '276', '1', '日照', '日照', '0', NULL);
insert into SYS_ZONE (ID, PARENT_ID, STATUS, NAME, VALUE, ORDER_NUM, DESCRIPTION) values ('288', '276', '1', '泰安', '泰安', '0', NULL);
insert into SYS_ZONE (ID, PARENT_ID, STATUS, NAME, VALUE, ORDER_NUM, DESCRIPTION) values ('289', '276', '1', '威海', '威海', '0', NULL);
insert into SYS_ZONE (ID, PARENT_ID, STATUS, NAME, VALUE, ORDER_NUM, DESCRIPTION) values ('290', '276', '1', '潍坊', '潍坊', '0', NULL);
insert into SYS_ZONE (ID, PARENT_ID, STATUS, NAME, VALUE, ORDER_NUM, DESCRIPTION) values ('291', '276', '1', '烟台', '烟台', '0', NULL);
insert into SYS_ZONE (ID, PARENT_ID, STATUS, NAME, VALUE, ORDER_NUM, DESCRIPTION) values ('292', '276', '1', '枣庄', '枣庄', '0', NULL);
insert into SYS_ZONE (ID, PARENT_ID, STATUS, NAME, VALUE, ORDER_NUM, DESCRIPTION) values ('293', '276', '1', '淄博', '淄博', '0', NULL);
insert into SYS_ZONE (ID, PARENT_ID, STATUS, NAME, VALUE, ORDER_NUM, DESCRIPTION) values ('294', '1', '1', '山西', '山西', '0', NULL);
insert into SYS_ZONE (ID, PARENT_ID, STATUS, NAME, VALUE, ORDER_NUM, DESCRIPTION) values ('295', '294', '1', '太原', '太原', '0', NULL);
insert into SYS_ZONE (ID, PARENT_ID, STATUS, NAME, VALUE, ORDER_NUM, DESCRIPTION) values ('296', '294', '1', '长治', '长治', '0', NULL);
insert into SYS_ZONE (ID, PARENT_ID, STATUS, NAME, VALUE, ORDER_NUM, DESCRIPTION) values ('297', '294', '1', '大同', '大同', '0', NULL);
insert into SYS_ZONE (ID, PARENT_ID, STATUS, NAME, VALUE, ORDER_NUM, DESCRIPTION) values ('298', '294', '1', '晋城', '晋城', '0', NULL);
insert into SYS_ZONE (ID, PARENT_ID, STATUS, NAME, VALUE, ORDER_NUM, DESCRIPTION) values ('299', '294', '1', '晋中', '晋中', '0', NULL);
insert into SYS_ZONE (ID, PARENT_ID, STATUS, NAME, VALUE, ORDER_NUM, DESCRIPTION) values ('300', '294', '1', '临汾', '临汾', '0', NULL);
insert into SYS_ZONE (ID, PARENT_ID, STATUS, NAME, VALUE, ORDER_NUM, DESCRIPTION) values ('301', '294', '1', '吕梁', '吕梁', '0', NULL);
insert into SYS_ZONE (ID, PARENT_ID, STATUS, NAME, VALUE, ORDER_NUM, DESCRIPTION) values ('302', '294', '1', '朔州', '朔州', '0', NULL);
insert into SYS_ZONE (ID, PARENT_ID, STATUS, NAME, VALUE, ORDER_NUM, DESCRIPTION) values ('303', '294', '1', '忻州', '忻州', '0', NULL);
insert into SYS_ZONE (ID, PARENT_ID, STATUS, NAME, VALUE, ORDER_NUM, DESCRIPTION) values ('304', '294', '1', '阳泉', '阳泉', '0', NULL);
insert into SYS_ZONE (ID, PARENT_ID, STATUS, NAME, VALUE, ORDER_NUM, DESCRIPTION) values ('305', '294', '1', '运城', '运城', '0', NULL);
insert into SYS_ZONE (ID, PARENT_ID, STATUS, NAME, VALUE, ORDER_NUM, DESCRIPTION) values ('306', '1', '1', '陕西', '陕西', '0', NULL);
insert into SYS_ZONE (ID, PARENT_ID, STATUS, NAME, VALUE, ORDER_NUM, DESCRIPTION) values ('307', '306', '1', '西安', '西安', '0', NULL);
insert into SYS_ZONE (ID, PARENT_ID, STATUS, NAME, VALUE, ORDER_NUM, DESCRIPTION) values ('308', '306', '1', '安康', '安康', '0', NULL);
insert into SYS_ZONE (ID, PARENT_ID, STATUS, NAME, VALUE, ORDER_NUM, DESCRIPTION) values ('309', '306', '1', '宝鸡', '宝鸡', '0', NULL);
insert into SYS_ZONE (ID, PARENT_ID, STATUS, NAME, VALUE, ORDER_NUM, DESCRIPTION) values ('310', '306', '1', '汉中', '汉中', '0', NULL);
insert into SYS_ZONE (ID, PARENT_ID, STATUS, NAME, VALUE, ORDER_NUM, DESCRIPTION) values ('311', '306', '1', '商洛', '商洛', '0', NULL);
insert into SYS_ZONE (ID, PARENT_ID, STATUS, NAME, VALUE, ORDER_NUM, DESCRIPTION) values ('312', '306', '1', '铜川', '铜川', '0', NULL);
insert into SYS_ZONE (ID, PARENT_ID, STATUS, NAME, VALUE, ORDER_NUM, DESCRIPTION) values ('313', '306', '1', '渭南', '渭南', '0', NULL);
insert into SYS_ZONE (ID, PARENT_ID, STATUS, NAME, VALUE, ORDER_NUM, DESCRIPTION) values ('314', '306', '1', '咸阳', '咸阳', '0', NULL);
insert into SYS_ZONE (ID, PARENT_ID, STATUS, NAME, VALUE, ORDER_NUM, DESCRIPTION) values ('315', '306', '1', '延安', '延安', '0', NULL);
insert into SYS_ZONE (ID, PARENT_ID, STATUS, NAME, VALUE, ORDER_NUM, DESCRIPTION) values ('316', '306', '1', '榆林', '榆林', '0', NULL);
insert into SYS_ZONE (ID, PARENT_ID, STATUS, NAME, VALUE, ORDER_NUM, DESCRIPTION) values ('317', '1', '1', '四川', '四川', '0', NULL);
insert into SYS_ZONE (ID, PARENT_ID, STATUS, NAME, VALUE, ORDER_NUM, DESCRIPTION) values ('318', '317', '1', '成都', '成都', '0', NULL);
insert into SYS_ZONE (ID, PARENT_ID, STATUS, NAME, VALUE, ORDER_NUM, DESCRIPTION) values ('319', '317', '1', '阿坝州', '阿坝州', '0', NULL);
insert into SYS_ZONE (ID, PARENT_ID, STATUS, NAME, VALUE, ORDER_NUM, DESCRIPTION) values ('320', '317', '1', '巴中', '巴中', '0', NULL);
insert into SYS_ZONE (ID, PARENT_ID, STATUS, NAME, VALUE, ORDER_NUM, DESCRIPTION) values ('321', '317', '1', '达州', '达州', '0', NULL);
insert into SYS_ZONE (ID, PARENT_ID, STATUS, NAME, VALUE, ORDER_NUM, DESCRIPTION) values ('322', '317', '1', '德阳', '德阳', '0', NULL);
insert into SYS_ZONE (ID, PARENT_ID, STATUS, NAME, VALUE, ORDER_NUM, DESCRIPTION) values ('323', '317', '1', '甘孜州', '甘孜州', '0', NULL);
insert into SYS_ZONE (ID, PARENT_ID, STATUS, NAME, VALUE, ORDER_NUM, DESCRIPTION) values ('324', '317', '1', '广安', '广安', '0', NULL);
insert into SYS_ZONE (ID, PARENT_ID, STATUS, NAME, VALUE, ORDER_NUM, DESCRIPTION) values ('325', '317', '1', '广元', '广元', '0', NULL);
insert into SYS_ZONE (ID, PARENT_ID, STATUS, NAME, VALUE, ORDER_NUM, DESCRIPTION) values ('326', '317', '1', '乐山', '乐山', '0', NULL);
insert into SYS_ZONE (ID, PARENT_ID, STATUS, NAME, VALUE, ORDER_NUM, DESCRIPTION) values ('327', '317', '1', '凉山州', '凉山州', '0', NULL);
insert into SYS_ZONE (ID, PARENT_ID, STATUS, NAME, VALUE, ORDER_NUM, DESCRIPTION) values ('328', '317', '1', '泸州', '泸州', '0', NULL);
insert into SYS_ZONE (ID, PARENT_ID, STATUS, NAME, VALUE, ORDER_NUM, DESCRIPTION) values ('329', '317', '1', '南充', '南充', '0', NULL);
insert into SYS_ZONE (ID, PARENT_ID, STATUS, NAME, VALUE, ORDER_NUM, DESCRIPTION) values ('330', '317', '1', '眉山', '眉山', '0', NULL);
insert into SYS_ZONE (ID, PARENT_ID, STATUS, NAME, VALUE, ORDER_NUM, DESCRIPTION) values ('331', '317', '1', '绵阳', '绵阳', '0', NULL);
insert into SYS_ZONE (ID, PARENT_ID, STATUS, NAME, VALUE, ORDER_NUM, DESCRIPTION) values ('332', '317', '1', '内江', '内江', '0', NULL);
insert into SYS_ZONE (ID, PARENT_ID, STATUS, NAME, VALUE, ORDER_NUM, DESCRIPTION) values ('333', '317', '1', '攀枝花', '攀枝花', '0', NULL);
insert into SYS_ZONE (ID, PARENT_ID, STATUS, NAME, VALUE, ORDER_NUM, DESCRIPTION) values ('334', '317', '1', '遂宁', '遂宁', '0', NULL);
insert into SYS_ZONE (ID, PARENT_ID, STATUS, NAME, VALUE, ORDER_NUM, DESCRIPTION) values ('335', '317', '1', '雅安', '雅安', '0', NULL);
insert into SYS_ZONE (ID, PARENT_ID, STATUS, NAME, VALUE, ORDER_NUM, DESCRIPTION) values ('336', '317', '1', '宜宾', '宜宾', '0', NULL);
insert into SYS_ZONE (ID, PARENT_ID, STATUS, NAME, VALUE, ORDER_NUM, DESCRIPTION) values ('337', '317', '1', '资阳', '资阳', '0', NULL);
insert into SYS_ZONE (ID, PARENT_ID, STATUS, NAME, VALUE, ORDER_NUM, DESCRIPTION) values ('338', '317', '1', '自贡', '自贡', '0', NULL);
insert into SYS_ZONE (ID, PARENT_ID, STATUS, NAME, VALUE, ORDER_NUM, DESCRIPTION) values ('339', '1', '1', '西藏', '西藏', '0', NULL);
insert into SYS_ZONE (ID, PARENT_ID, STATUS, NAME, VALUE, ORDER_NUM, DESCRIPTION) values ('340', '339', '1', '拉萨', '拉萨', '0', NULL);
insert into SYS_ZONE (ID, PARENT_ID, STATUS, NAME, VALUE, ORDER_NUM, DESCRIPTION) values ('341', '339', '1', '阿里地区', '阿里地区', '0', NULL);
insert into SYS_ZONE (ID, PARENT_ID, STATUS, NAME, VALUE, ORDER_NUM, DESCRIPTION) values ('342', '339', '1', '昌都地区', '昌都地区', '0', NULL);
insert into SYS_ZONE (ID, PARENT_ID, STATUS, NAME, VALUE, ORDER_NUM, DESCRIPTION) values ('343', '339', '1', '林芝地区', '林芝地区', '0', NULL);
insert into SYS_ZONE (ID, PARENT_ID, STATUS, NAME, VALUE, ORDER_NUM, DESCRIPTION) values ('344', '339', '1', '那曲地区', '那曲地区', '0', NULL);
insert into SYS_ZONE (ID, PARENT_ID, STATUS, NAME, VALUE, ORDER_NUM, DESCRIPTION) values ('345', '339', '1', '日喀则地区', '日喀则地区', '0', NULL);
insert into SYS_ZONE (ID, PARENT_ID, STATUS, NAME, VALUE, ORDER_NUM, DESCRIPTION) values ('346', '339', '1', '山南地区', '山南地区', '0', NULL);
insert into SYS_ZONE (ID, PARENT_ID, STATUS, NAME, VALUE, ORDER_NUM, DESCRIPTION) values ('347', '1', '1', '新疆', '新疆', '0', NULL);
insert into SYS_ZONE (ID, PARENT_ID, STATUS, NAME, VALUE, ORDER_NUM, DESCRIPTION) values ('348', '347', '1', '乌鲁木齐', '乌鲁木齐', '0', NULL);
insert into SYS_ZONE (ID, PARENT_ID, STATUS, NAME, VALUE, ORDER_NUM, DESCRIPTION) values ('349', '347', '1', '阿拉尔', '阿拉尔', '0', NULL);
insert into SYS_ZONE (ID, PARENT_ID, STATUS, NAME, VALUE, ORDER_NUM, DESCRIPTION) values ('350', '347', '1', '阿克苏地区', '阿克苏地区', '0', NULL);
insert into SYS_ZONE (ID, PARENT_ID, STATUS, NAME, VALUE, ORDER_NUM, DESCRIPTION) values ('351', '347', '1', '阿勒泰地区', '阿勒泰地区', '0', NULL);
insert into SYS_ZONE (ID, PARENT_ID, STATUS, NAME, VALUE, ORDER_NUM, DESCRIPTION) values ('352', '347', '1', '巴音郭楞', '巴音郭楞', '0', NULL);
insert into SYS_ZONE (ID, PARENT_ID, STATUS, NAME, VALUE, ORDER_NUM, DESCRIPTION) values ('353', '347', '1', '博尔塔拉州', '博尔塔拉州', '0', NULL);
insert into SYS_ZONE (ID, PARENT_ID, STATUS, NAME, VALUE, ORDER_NUM, DESCRIPTION) values ('354', '347', '1', '昌吉州', '昌吉州', '0', NULL);
insert into SYS_ZONE (ID, PARENT_ID, STATUS, NAME, VALUE, ORDER_NUM, DESCRIPTION) values ('355', '347', '1', '哈密地区', '哈密地区', '0', NULL);
insert into SYS_ZONE (ID, PARENT_ID, STATUS, NAME, VALUE, ORDER_NUM, DESCRIPTION) values ('356', '347', '1', '和田地区', '和田地区', '0', NULL);
insert into SYS_ZONE (ID, PARENT_ID, STATUS, NAME, VALUE, ORDER_NUM, DESCRIPTION) values ('357', '347', '1', '喀什地区', '喀什地区', '0', NULL);
insert into SYS_ZONE (ID, PARENT_ID, STATUS, NAME, VALUE, ORDER_NUM, DESCRIPTION) values ('358', '347', '1', '克拉玛依', '克拉玛依', '0', NULL);
insert into SYS_ZONE (ID, PARENT_ID, STATUS, NAME, VALUE, ORDER_NUM, DESCRIPTION) values ('359', '347', '1', '克孜勒苏州', '克孜勒苏州', '0', NULL);
insert into SYS_ZONE (ID, PARENT_ID, STATUS, NAME, VALUE, ORDER_NUM, DESCRIPTION) values ('360', '347', '1', '石河子', '石河子', '0', NULL);
insert into SYS_ZONE (ID, PARENT_ID, STATUS, NAME, VALUE, ORDER_NUM, DESCRIPTION) values ('361', '347', '1', '塔城地区', '塔城地区', '0', NULL);
insert into SYS_ZONE (ID, PARENT_ID, STATUS, NAME, VALUE, ORDER_NUM, DESCRIPTION) values ('362', '347', '1', '图木舒克', '图木舒克', '0', NULL);
insert into SYS_ZONE (ID, PARENT_ID, STATUS, NAME, VALUE, ORDER_NUM, DESCRIPTION) values ('363', '347', '1', '吐鲁番地区', '吐鲁番地区', '0', NULL);
insert into SYS_ZONE (ID, PARENT_ID, STATUS, NAME, VALUE, ORDER_NUM, DESCRIPTION) values ('364', '347', '1', '五家渠', '五家渠', '0', NULL);
insert into SYS_ZONE (ID, PARENT_ID, STATUS, NAME, VALUE, ORDER_NUM, DESCRIPTION) values ('365', '347', '1', '伊犁州', '伊犁州', '0', NULL);
insert into SYS_ZONE (ID, PARENT_ID, STATUS, NAME, VALUE, ORDER_NUM, DESCRIPTION) values ('366', '1', '1', '云南', '云南', '0', NULL);
insert into SYS_ZONE (ID, PARENT_ID, STATUS, NAME, VALUE, ORDER_NUM, DESCRIPTION) values ('367', '366', '1', '昆明', '昆明', '0', NULL);
insert into SYS_ZONE (ID, PARENT_ID, STATUS, NAME, VALUE, ORDER_NUM, DESCRIPTION) values ('368', '366', '1', '保山', '保山', '0', NULL);
insert into SYS_ZONE (ID, PARENT_ID, STATUS, NAME, VALUE, ORDER_NUM, DESCRIPTION) values ('369', '366', '1', '楚雄州', '楚雄州', '0', NULL);
insert into SYS_ZONE (ID, PARENT_ID, STATUS, NAME, VALUE, ORDER_NUM, DESCRIPTION) values ('370', '366', '1', '大理州', '大理州', '0', NULL);
insert into SYS_ZONE (ID, PARENT_ID, STATUS, NAME, VALUE, ORDER_NUM, DESCRIPTION) values ('371', '366', '1', '德宏州', '德宏州', '0', NULL);
insert into SYS_ZONE (ID, PARENT_ID, STATUS, NAME, VALUE, ORDER_NUM, DESCRIPTION) values ('372', '366', '1', '迪庆州', '迪庆州', '0', NULL);
insert into SYS_ZONE (ID, PARENT_ID, STATUS, NAME, VALUE, ORDER_NUM, DESCRIPTION) values ('373', '366', '1', '红河州', '红河州', '0', NULL);
insert into SYS_ZONE (ID, PARENT_ID, STATUS, NAME, VALUE, ORDER_NUM, DESCRIPTION) values ('374', '366', '1', '丽江', '丽江', '0', NULL);
insert into SYS_ZONE (ID, PARENT_ID, STATUS, NAME, VALUE, ORDER_NUM, DESCRIPTION) values ('375', '366', '1', '临沧', '临沧', '0', NULL);
insert into SYS_ZONE (ID, PARENT_ID, STATUS, NAME, VALUE, ORDER_NUM, DESCRIPTION) values ('376', '366', '1', '怒江州', '怒江州', '0', NULL);
insert into SYS_ZONE (ID, PARENT_ID, STATUS, NAME, VALUE, ORDER_NUM, DESCRIPTION) values ('377', '366', '1', '普洱', '普洱', '0', NULL);
insert into SYS_ZONE (ID, PARENT_ID, STATUS, NAME, VALUE, ORDER_NUM, DESCRIPTION) values ('378', '366', '1', '曲靖', '曲靖', '0', NULL);
insert into SYS_ZONE (ID, PARENT_ID, STATUS, NAME, VALUE, ORDER_NUM, DESCRIPTION) values ('379', '366', '1', '昭通', '昭通', '0', NULL);
insert into SYS_ZONE (ID, PARENT_ID, STATUS, NAME, VALUE, ORDER_NUM, DESCRIPTION) values ('380', '366', '1', '文山', '文山', '0', NULL);
insert into SYS_ZONE (ID, PARENT_ID, STATUS, NAME, VALUE, ORDER_NUM, DESCRIPTION) values ('381', '366', '1', '西双版纳', '西双版纳', '0', NULL);
insert into SYS_ZONE (ID, PARENT_ID, STATUS, NAME, VALUE, ORDER_NUM, DESCRIPTION) values ('382', '366', '1', '玉溪', '玉溪', '0', NULL);
insert into SYS_ZONE (ID, PARENT_ID, STATUS, NAME, VALUE, ORDER_NUM, DESCRIPTION) values ('383', '1', '1', '浙江', '浙江', '0', NULL);
insert into SYS_ZONE (ID, PARENT_ID, STATUS, NAME, VALUE, ORDER_NUM, DESCRIPTION) values ('384', '383', '1', '杭州', '杭州', '0', NULL);
insert into SYS_ZONE (ID, PARENT_ID, STATUS, NAME, VALUE, ORDER_NUM, DESCRIPTION) values ('385', '383', '1', '湖州', '湖州', '0', NULL);
insert into SYS_ZONE (ID, PARENT_ID, STATUS, NAME, VALUE, ORDER_NUM, DESCRIPTION) values ('386', '383', '1', '嘉兴', '嘉兴', '0', NULL);
insert into SYS_ZONE (ID, PARENT_ID, STATUS, NAME, VALUE, ORDER_NUM, DESCRIPTION) values ('387', '383', '1', '金华', '金华', '0', NULL);
insert into SYS_ZONE (ID, PARENT_ID, STATUS, NAME, VALUE, ORDER_NUM, DESCRIPTION) values ('388', '383', '1', '丽水', '丽水', '0', NULL);
insert into SYS_ZONE (ID, PARENT_ID, STATUS, NAME, VALUE, ORDER_NUM, DESCRIPTION) values ('389', '383', '1', '宁波', '宁波', '0', NULL);
insert into SYS_ZONE (ID, PARENT_ID, STATUS, NAME, VALUE, ORDER_NUM, DESCRIPTION) values ('390', '383', '1', '衢州', '衢州', '0', NULL);
insert into SYS_ZONE (ID, PARENT_ID, STATUS, NAME, VALUE, ORDER_NUM, DESCRIPTION) values ('391', '383', '1', '绍兴', '绍兴', '0', NULL);
insert into SYS_ZONE (ID, PARENT_ID, STATUS, NAME, VALUE, ORDER_NUM, DESCRIPTION) values ('392', '383', '1', '台州', '台州', '0', NULL);
insert into SYS_ZONE (ID, PARENT_ID, STATUS, NAME, VALUE, ORDER_NUM, DESCRIPTION) values ('393', '383', '1', '温州', '温州', '0', NULL);
insert into SYS_ZONE (ID, PARENT_ID, STATUS, NAME, VALUE, ORDER_NUM, DESCRIPTION) values ('394', '383', '1', '舟山', '舟山', '0', NULL);
